interaction_id,user_id,med_id,rating,timestamp
INT00001,U0100,M029,4.8,2024-09-06
INT00002,U0022,M029,4.6,2024-11-19
INT00003,U0113,M024,3.9,2024-01-13
INT00004,U0185,M019,4.0,2024-05-02
INT00005,U0126,M013,4.7,2024-06-06
INT00006,U0128,M018,4.2,2024-08-18
INT00007,U0005,M002,3.4,2024-01-22
INT00008,U0104,M004,4.4,2024-04-18
INT00009,U0168,M022,1.9,2024-10-01
INT00010,U0039,M024,3.5,2024-10-23
INT00011,U0060,M030,5.0,2024-09-07
INT00012,U0168,M001,4.4,2024-08-29
INT00013,U0159,M002,3.9,2024-01-08
INT00014,U0045,M021,5.0,2024-01-26
INT00015,U0079,M027,4.0,2024-03-28
INT00016,U0152,M003,3.0,2024-02-24
INT00017,U0030,M016,2.9,2024-02-02
INT00018,U0052,M014,3.2,2024-06-21
INT00019,U0189,M022,3.5,2024-12-16
INT00020,U0148,M018,4.0,2024-03-11
INT00021,U0083,M027,4.3,2024-01-24
INT00022,U0152,M006,3.7,2024-06-20
INT00023,U0017,M004,3.6,2024-03-27
INT00024,U0179,M012,5.0,2024-10-10
INT00025,U0043,M015,3.8,2024-03-09
INT00026,U0026,M026,4.9,2024-11-19
INT00027,U0157,M013,3.8,2024-09-06
INT00028,U0021,M001,3.7,2024-01-04
INT00029,U0046,M030,4.8,2024-05-25
INT00030,U0107,M023,4.4,2024-08-31
INT00031,U0178,M005,4.1,2024-09-24
INT00032,U0116,M014,4.9,2024-05-02
INT00033,U0045,M020,3.4,2024-09-12
INT00034,U0157,M003,2.8,2024-11-17
INT00035,U0078,M012,2.9,2024-04-08
INT00036,U0031,M017,4.3,2024-02-18
INT00037,U0159,M012,5.0,2024-09-16
INT00038,U0057,M015,2.0,2024-11-16
INT00039,U0169,M007,3.7,2024-03-17
INT00040,U0176,M028,4.3,2024-08-30
INT00041,U0128,M006,4.8,2024-01-28
INT00042,U0166,M012,5.0,2024-05-25
INT00043,U0054,M014,3.8,2024-08-20
INT00044,U0012,M004,4.9,2024-01-27
INT00045,U0138,M006,3.9,2024-09-20
INT00046,U0030,M003,4.0,2024-04-30
INT00047,U0185,M015,3.2,2024-04-11
INT00048,U0192,M022,3.4,2024-06-15
INT00049,U0059,M025,4.2,2024-05-01
INT00050,U0189,M014,4.2,2024-04-12
INT00051,U0097,M029,4.0,2024-09-05
INT00052,U0014,M029,4.7,2024-08-11
INT00053,U0038,M007,4.6,2024-07-17
INT00054,U0096,M005,3.4,2024-08-22
INT00055,U0185,M007,2.3,2024-04-13
INT00056,U0086,M005,2.2,2024-01-17
INT00057,U0178,M019,4.2,2024-08-26
INT00058,U0118,M014,4.0,2024-03-28
INT00059,U0195,M011,3.9,2024-03-21
INT00060,U0164,M020,4.5,2024-03-28
INT00061,U0148,M018,4.0,2024-09-24
INT00062,U0126,M028,3.5,2024-04-20
INT00063,U0152,M016,4.1,2024-08-07
INT00064,U0189,M028,3.2,2024-05-06
INT00065,U0064,M011,3.3,2024-10-29
INT00066,U0039,M030,4.0,2024-10-20
INT00067,U0002,M014,4.0,2024-08-28
INT00068,U0188,M025,3.8,2024-09-15
INT00069,U0009,M014,2.9,2024-12-22
INT00070,U0026,M015,3.6,2024-09-10
INT00071,U0062,M003,3.7,2024-07-27
INT00072,U0056,M005,3.8,2024-07-02
INT00073,U0076,M008,3.6,2024-09-02
INT00074,U0172,M010,3.5,2024-03-23
INT00075,U0181,M015,4.6,2024-01-13
INT00076,U0117,M015,2.8,2024-03-11
INT00077,U0181,M013,4.4,2024-11-16
INT00078,U0119,M023,5.0,2024-11-20
INT00079,U0001,M028,3.3,2024-12-19
INT00080,U0086,M017,3.2,2024-01-17
INT00081,U0076,M014,3.8,2024-11-09
INT00082,U0139,M019,2.6,2024-04-16
INT00083,U0176,M003,3.3,2024-01-29
INT00084,U0132,M030,3.3,2024-12-11
INT00085,U0094,M029,4.5,2024-08-26
INT00086,U0159,M002,4.1,2024-07-06
INT00087,U0094,M006,3.1,2024-10-14
INT00088,U0182,M025,2.8,2024-04-14
INT00089,U0036,M011,3.8,2024-09-01
INT00090,U0189,M025,4.2,2024-10-24
INT00091,U0180,M007,3.8,2024-06-13
INT00092,U0091,M029,2.4,2024-05-16
INT00093,U0129,M022,3.6,2024-07-09
INT00094,U0089,M015,3.9,2024-09-05
INT00095,U0129,M017,4.2,2024-09-29
INT00096,U0174,M027,3.0,2024-09-29
INT00097,U0075,M015,2.8,2024-12-20
INT00098,U0017,M007,2.8,2024-08-22
INT00099,U0023,M003,3.4,2024-02-09
INT00100,U0028,M006,4.1,2024-05-21
INT00101,U0029,M023,4.1,2024-04-14
INT00102,U0134,M021,4.2,2024-01-12
INT00103,U0076,M014,4.8,2024-03-08
INT00104,U0122,M012,3.6,2024-08-03
INT00105,U0114,M024,3.4,2024-02-02
INT00106,U0006,M028,3.3,2024-04-28
INT00107,U0134,M021,3.3,2024-12-01
INT00108,U0166,M026,4.7,2024-06-16
INT00109,U0125,M019,3.3,2024-10-07
INT00110,U0114,M015,3.0,2024-06-04
INT00111,U0146,M005,4.3,2024-05-13
INT00112,U0059,M016,3.4,2024-07-09
INT00113,U0074,M025,4.1,2024-05-25
INT00114,U0117,M006,3.4,2024-11-12
INT00115,U0042,M023,3.3,2024-03-30
INT00116,U0182,M023,3.7,2024-12-07
INT00117,U0040,M006,3.8,2024-06-11
INT00118,U0148,M005,4.0,2024-08-13
INT00119,U0067,M012,4.2,2024-01-18
INT00120,U0171,M011,4.7,2024-06-25
INT00121,U0038,M012,1.7,2024-09-30
INT00122,U0078,M004,4.5,2024-01-13
INT00123,U0104,M030,3.4,2024-08-22
INT00124,U0082,M005,3.8,2024-01-03
INT00125,U0190,M018,4.5,2024-12-27
INT00126,U0076,M016,3.7,2024-05-28
INT00127,U0194,M019,3.1,2024-08-14
INT00128,U0087,M023,2.6,2024-02-27
INT00129,U0188,M016,4.2,2024-10-09
INT00130,U0030,M010,3.5,2024-01-13
INT00131,U0103,M020,4.3,2024-02-17
INT00132,U0084,M002,3.1,2024-11-07
INT00133,U0165,M007,3.3,2024-05-22
INT00134,U0051,M001,3.5,2024-02-12
INT00135,U0138,M028,2.7,2024-02-14
INT00136,U0132,M013,4.2,2024-04-09
INT00137,U0126,M011,3.0,2024-01-29
INT00138,U0171,M012,3.2,2024-07-22
INT00139,U0038,M023,4.3,2024-07-09
INT00140,U0004,M010,3.2,2024-06-25
INT00141,U0090,M010,5.0,2024-02-14
INT00142,U0056,M024,3.6,2024-08-15
INT00143,U0190,M014,4.0,2024-08-05
INT00144,U0187,M029,3.2,2024-07-31
INT00145,U0036,M027,3.5,2024-04-16
INT00146,U0078,M016,3.6,2024-09-25
INT00147,U0086,M003,4.8,2024-07-11
INT00148,U0023,M001,3.4,2024-07-28
INT00149,U0164,M030,3.7,2024-08-24
INT00150,U0182,M019,4.3,2024-03-11
INT00151,U0052,M006,4.1,2024-09-08
INT00152,U0011,M027,3.2,2024-06-03
INT00153,U0150,M010,2.5,2024-04-24
INT00154,U0007,M026,3.8,2024-01-02
INT00155,U0040,M009,3.4,2024-11-21
INT00156,U0121,M004,4.9,2024-11-30
INT00157,U0171,M029,3.7,2024-12-18
INT00158,U0166,M008,4.3,2024-01-15
INT00159,U0031,M025,3.4,2024-02-04
INT00160,U0154,M024,5.0,2024-07-04
INT00161,U0149,M016,2.3,2024-11-17
INT00162,U0176,M016,3.2,2024-12-21
INT00163,U0031,M012,2.8,2024-05-12
INT00164,U0042,M019,3.7,2024-01-30
INT00165,U0038,M011,2.6,2024-07-01
INT00166,U0042,M002,4.1,2024-05-19
INT00167,U0093,M014,2.5,2024-01-25
INT00168,U0075,M010,2.3,2024-09-28
INT00169,U0164,M030,4.3,2024-11-17
INT00170,U0047,M025,4.0,2024-02-18
INT00171,U0154,M025,4.2,2024-06-10
INT00172,U0176,M026,4.4,2024-06-03
INT00173,U0070,M022,3.6,2024-09-30
INT00174,U0149,M012,3.1,2024-03-14
INT00175,U0004,M005,3.0,2024-09-05
INT00176,U0106,M011,3.7,2024-03-24
INT00177,U0027,M007,4.1,2024-04-06
INT00178,U0144,M020,4.3,2024-12-19
INT00179,U0135,M028,2.8,2024-02-28
INT00180,U0107,M015,3.6,2024-02-09
INT00181,U0030,M027,3.9,2024-06-27
INT00182,U0080,M023,3.9,2024-07-04
INT00183,U0036,M027,1.6,2024-09-24
INT00184,U0196,M011,4.6,2024-03-29
INT00185,U0182,M010,5.0,2024-04-23
INT00186,U0033,M028,4.1,2024-12-21
INT00187,U0037,M023,3.9,2024-03-07
INT00188,U0021,M014,4.2,2024-12-19
INT00189,U0196,M026,3.9,2024-09-04
INT00190,U0194,M014,3.9,2024-01-22
INT00191,U0051,M004,4.9,2024-10-30
INT00192,U0016,M016,4.0,2024-03-01
INT00193,U0065,M002,4.9,2024-02-19
INT00194,U0032,M030,4.3,2024-11-04
INT00195,U0053,M019,4.2,2024-06-28
INT00196,U0008,M003,3.5,2024-03-15
INT00197,U0192,M009,4.5,2024-03-23
INT00198,U0129,M025,3.6,2024-11-09
INT00199,U0062,M017,3.5,2024-10-23
INT00200,U0196,M001,3.6,2024-09-27
INT00201,U0056,M023,4.0,2024-10-02
INT00202,U0002,M024,4.4,2024-02-20
INT00203,U0055,M030,2.5,2024-07-06
INT00204,U0179,M019,3.8,2024-04-04
INT00205,U0113,M022,4.3,2024-06-30
INT00206,U0098,M014,3.7,2024-04-19
INT00207,U0132,M008,2.7,2024-06-09
INT00208,U0032,M015,4.5,2024-02-26
INT00209,U0134,M005,3.0,2024-05-27
INT00210,U0143,M024,3.8,2024-01-21
INT00211,U0022,M011,3.0,2024-08-21
INT00212,U0154,M024,3.8,2024-06-08
INT00213,U0176,M027,2.8,2024-05-28
INT00214,U0110,M007,4.2,2024-02-05
INT00215,U0122,M022,3.7,2024-12-11
INT00216,U0126,M022,3.9,2024-02-23
INT00217,U0102,M015,2.6,2024-03-02
INT00218,U0037,M013,3.6,2024-07-24
INT00219,U0178,M019,5.0,2024-03-27
INT00220,U0017,M012,3.6,2024-04-11
INT00221,U0087,M007,1.8,2024-03-03
INT00222,U0060,M027,2.4,2024-08-05
INT00223,U0186,M016,3.6,2024-10-24
INT00224,U0152,M009,5.0,2024-11-25
INT00225,U0103,M012,2.7,2024-07-26
INT00226,U0125,M017,4.0,2024-05-22
INT00227,U0038,M025,3.4,2024-09-07
INT00228,U0128,M008,3.9,2024-11-17
INT00229,U0035,M001,4.0,2024-02-04
INT00230,U0128,M022,4.0,2024-01-14
INT00231,U0046,M013,3.2,2024-06-04
INT00232,U0160,M020,3.4,2024-02-19
INT00233,U0195,M003,3.3,2024-09-09
INT00234,U0120,M007,3.0,2024-05-30
INT00235,U0170,M016,3.2,2024-06-24
INT00236,U0139,M018,3.8,2024-01-10
INT00237,U0196,M002,5.0,2024-03-01
INT00238,U0099,M015,3.7,2024-06-10
INT00239,U0097,M015,3.6,2024-10-12
INT00240,U0169,M028,3.9,2024-06-04
INT00241,U0181,M006,3.4,2024-07-18
INT00242,U0125,M025,3.8,2024-02-26
INT00243,U0146,M022,2.8,2024-10-03
INT00244,U0147,M016,3.9,2024-08-31
INT00245,U0144,M028,4.0,2024-05-14
INT00246,U0127,M019,4.0,2024-07-12
INT00247,U0158,M022,2.5,2024-06-13
INT00248,U0016,M001,5.0,2024-10-29
INT00249,U0012,M005,4.2,2024-10-25
INT00250,U0007,M025,3.2,2024-11-16
INT00251,U0088,M013,4.4,2024-07-01
INT00252,U0106,M012,4.2,2024-01-29
INT00253,U0170,M008,3.8,2024-10-30
INT00254,U0022,M030,5.0,2024-12-18
INT00255,U0017,M028,3.6,2024-01-11
INT00256,U0138,M011,4.5,2024-01-20
INT00257,U0118,M022,4.5,2024-08-03
INT00258,U0069,M001,3.0,2024-12-22
INT00259,U0121,M019,4.5,2024-10-19
INT00260,U0100,M011,3.9,2024-10-20
INT00261,U0026,M026,2.6,2024-04-15
INT00262,U0087,M016,3.9,2024-09-14
INT00263,U0196,M022,3.2,2024-07-05
INT00264,U0112,M007,4.7,2024-09-11
INT00265,U0163,M028,4.1,2024-10-01
INT00266,U0055,M010,3.7,2024-05-15
INT00267,U0013,M010,4.6,2024-04-25
INT00268,U0160,M024,3.8,2024-02-17
INT00269,U0184,M028,2.9,2024-05-19
INT00270,U0018,M019,3.3,2024-09-28
INT00271,U0122,M014,4.2,2024-11-29
INT00272,U0078,M017,5.0,2024-06-02
INT00273,U0111,M022,3.3,2024-07-24
INT00274,U0065,M020,3.7,2024-09-20
INT00275,U0117,M022,3.8,2024-01-10
INT00276,U0161,M023,3.3,2024-09-21
INT00277,U0048,M019,2.6,2024-08-27
INT00278,U0069,M030,3.8,2024-11-22
INT00279,U0137,M026,2.8,2024-08-10
INT00280,U0145,M024,2.9,2024-11-16
INT00281,U0016,M017,4.1,2024-05-03
INT00282,U0039,M024,4.6,2024-12-16
INT00283,U0196,M010,4.3,2024-02-02
INT00284,U0163,M007,3.1,2024-07-30
INT00285,U0069,M027,3.7,2024-12-17
INT00286,U0154,M008,4.3,2024-07-26
INT00287,U0062,M004,3.9,2024-06-07
INT00288,U0119,M016,4.0,2024-10-13
INT00289,U0112,M014,3.7,2024-03-22
INT00290,U0070,M005,3.6,2024-01-15
INT00291,U0067,M026,4.2,2024-03-31
INT00292,U0165,M028,2.7,2024-01-22
INT00293,U0185,M016,3.9,2024-02-12
INT00294,U0081,M020,3.5,2024-06-01
INT00295,U0017,M029,5.0,2024-12-09
INT00296,U0169,M029,3.3,2024-02-16
INT00297,U0102,M027,3.7,2024-02-27
INT00298,U0147,M024,3.4,2024-09-13
INT00299,U0031,M017,3.3,2024-09-25
INT00300,U0065,M016,2.9,2024-02-16
INT00301,U0061,M020,4.8,2024-06-17
INT00302,U0150,M024,4.8,2024-07-18
INT00303,U0192,M024,3.9,2024-03-14
INT00304,U0028,M006,4.6,2024-04-19
INT00305,U0071,M015,2.5,2024-01-29
INT00306,U0126,M018,4.7,2024-07-10
INT00307,U0180,M004,3.5,2024-12-15
INT00308,U0064,M009,4.6,2024-03-15
INT00309,U0093,M016,3.5,2024-01-11
INT00310,U0166,M029,2.3,2024-11-06
INT00311,U0009,M027,3.7,2024-01-28
INT00312,U0177,M030,2.4,2024-12-09
INT00313,U0062,M009,3.1,2024-12-24
INT00314,U0093,M029,3.6,2024-12-16
INT00315,U0032,M018,4.9,2024-07-17
INT00316,U0003,M030,2.6,2024-07-20
INT00317,U0066,M010,5.0,2024-04-30
INT00318,U0077,M007,4.6,2024-03-23
INT00319,U0113,M021,3.2,2024-11-25
INT00320,U0105,M026,5.0,2024-01-18
INT00321,U0071,M028,5.0,2024-09-08
INT00322,U0121,M024,4.5,2024-07-30
INT00323,U0086,M023,2.2,2024-02-21
INT00324,U0042,M023,4.6,2024-05-13
INT00325,U0130,M003,3.2,2024-10-07
INT00326,U0189,M011,4.7,2024-08-20
INT00327,U0178,M001,3.9,2024-04-04
INT00328,U0162,M015,2.7,2024-11-24
INT00329,U0035,M001,2.9,2024-06-09
INT00330,U0148,M003,4.5,2024-02-26
INT00331,U0041,M008,1.7,2024-11-28
INT00332,U0196,M005,3.6,2024-10-31
INT00333,U0176,M014,4.0,2024-09-01
INT00334,U0189,M005,3.1,2024-05-13
INT00335,U0045,M022,3.2,2024-05-24
INT00336,U0051,M003,3.4,2024-07-31
INT00337,U0095,M006,3.2,2024-10-19
INT00338,U0058,M001,4.3,2024-01-12
INT00339,U0143,M021,3.4,2024-02-15
INT00340,U0119,M007,3.4,2024-05-14
INT00341,U0180,M028,4.2,2024-08-07
INT00342,U0154,M009,4.5,2024-03-17
INT00343,U0023,M012,4.3,2024-01-08
INT00344,U0184,M017,4.7,2024-08-10
INT00345,U0198,M030,5.0,2024-09-10
INT00346,U0031,M008,3.1,2024-12-31
INT00347,U0053,M007,5.0,2024-05-16
INT00348,U0074,M024,3.3,2024-09-10
INT00349,U0098,M005,3.3,2024-04-20
INT00350,U0073,M024,4.0,2024-12-12
INT00351,U0049,M014,4.4,2024-01-15
INT00352,U0075,M009,5.0,2024-04-30
INT00353,U0159,M015,4.4,2024-12-16
INT00354,U0166,M015,3.4,2024-02-13
INT00355,U0003,M016,4.3,2024-12-20
INT00356,U0102,M022,4.3,2024-04-18
INT00357,U0183,M013,3.5,2024-05-11
INT00358,U0019,M004,2.5,2024-10-12
INT00359,U0016,M002,3.5,2024-06-30
INT00360,U0156,M022,4.3,2024-11-02
INT00361,U0182,M024,3.8,2024-09-15
INT00362,U0159,M013,3.7,2024-06-03
INT00363,U0102,M022,2.4,2024-10-13
INT00364,U0011,M019,5.0,2024-04-01
INT00365,U0067,M006,2.0,2024-08-27
INT00366,U0034,M003,3.8,2024-06-11
INT00367,U0182,M017,3.2,2024-06-09
INT00368,U0012,M005,4.1,2024-09-12
INT00369,U0072,M024,3.3,2024-05-14
INT00370,U0157,M027,4.5,2024-05-15
INT00371,U0133,M011,3.4,2024-09-08
INT00372,U0196,M005,4.0,2024-10-11
INT00373,U0169,M021,3.9,2024-03-17
INT00374,U0014,M008,3.5,2024-04-03
INT00375,U0010,M016,3.7,2024-08-11
INT00376,U0030,M029,5.0,2024-09-10
INT00377,U0011,M015,3.0,2024-09-05
INT00378,U0118,M016,4.8,2024-02-27
INT00379,U0185,M028,4.2,2024-04-14
INT00380,U0073,M006,4.4,2024-03-27
INT00381,U0192,M017,4.3,2024-12-05
INT00382,U0150,M007,2.9,2024-10-25
INT00383,U0002,M017,3.9,2024-02-09
INT00384,U0064,M025,3.3,2024-09-12
INT00385,U0174,M004,3.9,2024-12-14
INT00386,U0175,M004,3.7,2024-07-20
INT00387,U0096,M019,4.1,2024-06-14
INT00388,U0040,M001,3.6,2024-02-11
INT00389,U0118,M027,3.6,2024-11-17
INT00390,U0069,M020,2.9,2024-12-02
INT00391,U0002,M011,4.9,2024-08-19
INT00392,U0084,M024,3.6,2024-10-18
INT00393,U0034,M007,4.7,2024-05-24
INT00394,U0083,M026,2.7,2024-01-29
INT00395,U0191,M003,2.8,2024-02-17
INT00396,U0103,M009,3.5,2024-04-01
INT00397,U0062,M025,4.0,2024-04-16
INT00398,U0042,M013,3.5,2024-07-25
INT00399,U0073,M021,3.8,2024-03-02
INT00400,U0077,M016,2.6,2024-08-09
INT00401,U0189,M026,5.0,2024-11-04
INT00402,U0034,M012,3.0,2024-12-06
INT00403,U0025,M027,3.4,2024-08-16
INT00404,U0100,M016,4.2,2024-05-17
INT00405,U0145,M020,2.6,2024-07-07
INT00406,U0158,M006,4.4,2024-08-10
INT00407,U0162,M014,4.6,2024-08-25
INT00408,U0174,M008,4.3,2024-11-27
INT00409,U0176,M023,4.3,2024-11-18
INT00410,U0166,M017,4.6,2024-02-12
INT00411,U0075,M015,2.2,2024-09-01
INT00412,U0077,M005,4.5,2024-03-06
INT00413,U0176,M029,3.6,2024-08-06
INT00414,U0076,M019,4.4,2024-01-25
INT00415,U0142,M003,4.6,2024-09-18
INT00416,U0109,M014,3.3,2024-02-18
INT00417,U0119,M022,3.5,2024-06-30
INT00418,U0066,M019,2.4,2024-02-11
INT00419,U0197,M017,5.0,2024-08-24
INT00420,U0046,M026,3.9,2024-04-03
INT00421,U0101,M002,5.0,2024-06-01
INT00422,U0081,M019,4.6,2024-08-20
INT00423,U0194,M022,2.4,2024-06-23
INT00424,U0048,M007,4.2,2024-04-04
INT00425,U0021,M024,4.4,2024-12-10
INT00426,U0028,M014,3.7,2024-09-30
INT00427,U0005,M001,3.7,2024-12-01
INT00428,U0123,M015,3.9,2024-12-20
INT00429,U0104,M028,3.1,2024-09-06
INT00430,U0078,M020,2.7,2024-11-11
INT00431,U0093,M023,3.2,2024-07-21
INT00432,U0078,M003,2.7,2024-03-05
INT00433,U0035,M001,4.3,2024-12-22
INT00434,U0049,M028,5.0,2024-01-14
INT00435,U0054,M016,3.1,2024-08-11
INT00436,U0161,M028,2.9,2024-10-02
INT00437,U0049,M003,3.5,2024-08-30
INT00438,U0109,M001,4.6,2024-02-29
INT00439,U0043,M029,4.5,2024-09-05
INT00440,U0121,M001,4.8,2024-08-18
INT00441,U0150,M008,4.1,2024-07-19
INT00442,U0014,M011,4.8,2024-01-05
INT00443,U0027,M021,4.3,2024-07-31
INT00444,U0127,M024,3.1,2024-10-23
INT00445,U0153,M024,3.2,2024-09-06
INT00446,U0103,M016,3.6,2024-09-19
INT00447,U0152,M024,2.9,2024-09-06
INT00448,U0060,M023,3.0,2024-02-01
INT00449,U0136,M001,3.2,2024-02-02
INT00450,U0069,M029,4.1,2024-11-27
INT00451,U0107,M029,2.9,2024-11-26
INT00452,U0089,M015,4.0,2024-12-23
INT00453,U0112,M001,4.5,2024-08-28
INT00454,U0089,M015,4.9,2024-04-28
INT00455,U0130,M008,2.8,2024-11-04
INT00456,U0184,M022,3.2,2024-08-27
INT00457,U0034,M029,3.5,2024-08-01
INT00458,U0173,M021,5.0,2024-07-03
INT00459,U0121,M026,4.3,2024-04-16
INT00460,U0073,M023,3.7,2024-02-14
INT00461,U0171,M016,4.2,2024-11-06
INT00462,U0126,M004,4.2,2024-07-31
INT00463,U0127,M010,3.9,2024-01-10
INT00464,U0092,M029,4.8,2024-05-13
INT00465,U0092,M022,4.6,2024-09-14
INT00466,U0009,M026,5.0,2024-02-02
INT00467,U0087,M014,4.2,2024-10-14
INT00468,U0058,M016,4.2,2024-05-12
INT00469,U0088,M026,3.6,2024-10-12
INT00470,U0069,M029,4.0,2024-03-18
INT00471,U0177,M028,2.6,2024-12-27
INT00472,U0013,M030,3.7,2024-08-12
INT00473,U0118,M027,3.9,2024-11-08
INT00474,U0157,M026,1.6,2024-02-22
INT00475,U0144,M002,3.3,2024-03-01
INT00476,U0053,M030,3.8,2024-07-04
INT00477,U0041,M024,3.6,2024-09-16
INT00478,U0128,M024,4.6,2024-02-20
INT00479,U0040,M021,2.8,2024-03-03
INT00480,U0052,M015,4.9,2024-07-31
INT00481,U0197,M025,5.0,2024-08-30
INT00482,U0088,M010,3.9,2024-09-15
INT00483,U0044,M003,3.7,2024-07-31
INT00484,U0093,M021,5.0,2024-12-06
INT00485,U0063,M005,3.8,2024-04-26
INT00486,U0036,M026,2.8,2024-08-07
INT00487,U0106,M030,3.1,2024-09-21
INT00488,U0175,M012,4.3,2024-01-16
INT00489,U0114,M005,4.0,2024-09-21
INT00490,U0018,M003,2.5,2024-06-22
INT00491,U0081,M013,4.3,2024-02-01
INT00492,U0101,M025,3.7,2024-01-19
INT00493,U0170,M030,2.7,2024-01-30
INT00494,U0162,M023,2.5,2024-12-04
INT00495,U0134,M010,2.3,2024-12-24
INT00496,U0142,M028,4.6,2024-06-04
INT00497,U0185,M024,3.5,2024-05-23
INT00498,U0136,M020,4.5,2024-03-16
INT00499,U0180,M013,3.3,2024-10-05
INT00500,U0160,M026,4.0,2024-11-12
INT00501,U0167,M015,3.3,2024-11-28
INT00502,U0104,M025,2.2,2024-04-11
INT00503,U0078,M003,4.5,2024-03-05
INT00504,U0134,M018,4.0,2024-05-25
INT00505,U0055,M003,3.1,2024-06-23
INT00506,U0194,M021,3.7,2024-03-22
INT00507,U0006,M001,4.6,2024-05-12
INT00508,U0062,M027,3.2,2024-06-04
INT00509,U0186,M014,4.2,2024-01-31
INT00510,U0096,M009,3.8,2024-11-17
INT00511,U0130,M012,4.8,2024-03-04
INT00512,U0115,M010,4.7,2024-10-20
INT00513,U0189,M001,1.6,2024-10-24
INT00514,U0145,M023,4.5,2024-11-17
INT00515,U0171,M018,4.1,2024-06-02
INT00516,U0073,M022,3.3,2024-10-20
INT00517,U0173,M005,3.6,2024-05-06
INT00518,U0027,M011,2.9,2024-09-21
INT00519,U0150,M007,4.1,2024-02-20
INT00520,U0038,M023,3.1,2024-08-05
INT00521,U0106,M003,4.5,2024-03-07
INT00522,U0122,M007,4.3,2024-08-16
INT00523,U0020,M012,3.4,2024-10-13
INT00524,U0133,M025,3.1,2024-07-21
INT00525,U0068,M019,3.0,2024-08-13
INT00526,U0177,M030,3.8,2024-09-07
INT00527,U0188,M014,4.0,2024-03-06
INT00528,U0125,M023,3.4,2024-08-22
INT00529,U0034,M023,2.8,2024-12-21
INT00530,U0055,M015,3.7,2024-08-30
INT00531,U0009,M024,4.4,2024-03-01
INT00532,U0155,M028,4.7,2024-07-28
INT00533,U0029,M004,3.3,2024-09-24
INT00534,U0040,M004,4.3,2024-07-09
INT00535,U0079,M012,3.5,2024-03-14
INT00536,U0037,M026,4.7,2024-10-28
INT00537,U0108,M002,4.4,2024-05-25
INT00538,U0056,M006,3.5,2024-09-07
INT00539,U0001,M004,3.5,2024-01-23
INT00540,U0107,M016,3.7,2024-10-20
INT00541,U0080,M019,3.1,2024-07-12
INT00542,U0122,M027,4.0,2024-11-06
INT00543,U0034,M025,4.5,2024-08-18
INT00544,U0171,M015,4.7,2024-03-17
INT00545,U0187,M011,4.7,2024-11-15
INT00546,U0105,M013,4.4,2024-04-29
INT00547,U0102,M011,1.9,2024-08-14
INT00548,U0189,M009,3.3,2024-11-26
INT00549,U0023,M028,3.9,2024-11-18
INT00550,U0198,M023,4.0,2024-06-07
INT00551,U0144,M021,4.5,2024-04-08
INT00552,U0159,M018,4.5,2024-10-22
INT00553,U0194,M002,4.7,2024-08-31
INT00554,U0129,M029,3.5,2024-01-10
INT00555,U0031,M022,4.3,2024-01-10
INT00556,U0071,M026,3.6,2024-04-15
INT00557,U0063,M027,3.3,2024-08-15
INT00558,U0022,M026,2.2,2024-09-30
INT00559,U0156,M011,3.6,2024-01-12
INT00560,U0088,M014,3.9,2024-04-02
INT00561,U0107,M001,4.2,2024-05-11
INT00562,U0024,M004,3.3,2024-02-20
INT00563,U0139,M006,3.7,2024-02-15
INT00564,U0040,M010,4.3,2024-07-27
INT00565,U0174,M006,5.0,2024-04-02
INT00566,U0007,M023,4.5,2024-01-30
INT00567,U0077,M013,4.2,2024-06-14
INT00568,U0067,M013,4.1,2024-03-02
INT00569,U0014,M007,3.9,2024-05-01
INT00570,U0127,M017,4.9,2024-09-15
INT00571,U0099,M004,3.7,2024-10-10
INT00572,U0105,M003,4.5,2024-09-04
INT00573,U0008,M014,2.6,2024-01-10
INT00574,U0069,M018,2.5,2024-10-27
INT00575,U0173,M004,3.8,2024-03-05
INT00576,U0078,M019,4.8,2024-07-27
INT00577,U0115,M003,4.3,2024-03-13
INT00578,U0096,M018,3.0,2024-03-27
INT00579,U0063,M018,5.0,2024-10-11
INT00580,U0116,M002,3.2,2024-01-01
INT00581,U0119,M027,3.0,2024-03-26
INT00582,U0001,M002,3.0,2024-09-03
INT00583,U0070,M020,3.8,2024-06-28
INT00584,U0162,M007,5.0,2024-10-26
INT00585,U0131,M010,5.0,2024-10-15
INT00586,U0018,M010,4.2,2024-02-15
INT00587,U0102,M023,4.1,2024-10-11
INT00588,U0072,M029,4.1,2024-08-09
INT00589,U0054,M020,2.4,2024-12-15
INT00590,U0088,M021,3.8,2024-05-13
INT00591,U0193,M023,3.2,2024-06-13
INT00592,U0088,M007,4.0,2024-08-23
INT00593,U0154,M011,5.0,2024-11-26
INT00594,U0001,M020,3.9,2024-08-31
INT00595,U0002,M029,4.3,2024-10-11
INT00596,U0179,M023,3.8,2024-09-07
INT00597,U0196,M013,2.4,2024-11-28
INT00598,U0167,M003,3.5,2024-10-02
INT00599,U0008,M029,4.4,2024-12-10
INT00600,U0032,M012,2.8,2024-07-11
INT00601,U0154,M012,2.6,2024-12-22
INT00602,U0003,M004,4.8,2024-08-24
INT00603,U0095,M030,3.8,2024-01-11
INT00604,U0195,M009,3.9,2024-12-14
INT00605,U0182,M012,4.3,2024-11-16
INT00606,U0078,M026,5.0,2024-04-23
INT00607,U0060,M016,4.0,2024-09-09
INT00608,U0181,M023,3.8,2024-11-06
INT00609,U0054,M001,4.3,2024-07-21
INT00610,U0029,M028,5.0,2024-05-22
INT00611,U0146,M017,2.8,2024-12-03
INT00612,U0190,M019,3.8,2024-12-10
INT00613,U0175,M020,3.5,2024-03-06
INT00614,U0191,M003,3.7,2024-03-06
INT00615,U0067,M030,3.3,2024-09-24
INT00616,U0187,M026,3.6,2024-05-20
INT00617,U0050,M028,2.7,2024-12-20
INT00618,U0174,M018,1.6,2024-11-10
INT00619,U0065,M022,3.0,2024-08-06
INT00620,U0165,M022,3.5,2024-11-28
INT00621,U0014,M028,4.6,2024-07-27
INT00622,U0071,M004,3.5,2024-12-14
INT00623,U0133,M015,2.8,2024-01-23
INT00624,U0185,M008,3.8,2024-01-25
INT00625,U0072,M030,3.0,2024-01-03
INT00626,U0101,M007,4.2,2024-06-20
INT00627,U0021,M029,3.6,2024-04-25
INT00628,U0177,M014,3.7,2024-02-08
INT00629,U0064,M007,4.2,2024-11-16
INT00630,U0161,M004,4.4,2024-01-15
INT00631,U0123,M014,4.2,2024-11-16
INT00632,U0086,M027,2.8,2024-05-08
INT00633,U0064,M004,1.8,2024-01-28
INT00634,U0086,M017,4.1,2024-05-01
INT00635,U0019,M025,3.1,2024-02-18
INT00636,U0161,M015,3.3,2024-10-23
INT00637,U0032,M003,5.0,2024-07-12
INT00638,U0081,M029,3.5,2024-12-21
INT00639,U0017,M026,5.0,2024-08-14
INT00640,U0015,M010,5.0,2024-11-08
INT00641,U0161,M014,4.9,2024-10-13
INT00642,U0014,M010,4.3,2024-07-14
INT00643,U0103,M004,3.2,2024-11-02
INT00644,U0169,M020,3.2,2024-01-06
INT00645,U0117,M013,3.0,2024-11-13
INT00646,U0159,M004,4.0,2024-06-22
INT00647,U0167,M022,4.0,2024-06-17
INT00648,U0151,M007,2.9,2024-02-25
INT00649,U0027,M001,3.6,2024-04-09
INT00650,U0147,M005,3.6,2024-11-22
INT00651,U0131,M009,3.2,2024-11-13
INT00652,U0114,M006,4.5,2024-05-04
INT00653,U0036,M026,4.2,2024-10-26
INT00654,U0112,M017,3.9,2024-11-29
INT00655,U0194,M012,3.2,2024-03-15
INT00656,U0038,M016,5.0,2024-06-07
INT00657,U0155,M011,3.3,2024-09-22
INT00658,U0151,M022,5.0,2024-12-13
INT00659,U0038,M002,3.9,2024-10-13
INT00660,U0014,M014,5.0,2024-06-25
INT00661,U0051,M007,3.5,2024-02-05
INT00662,U0088,M007,3.4,2024-12-07
INT00663,U0122,M023,3.5,2024-12-20
INT00664,U0085,M028,3.0,2024-10-23
INT00665,U0145,M011,3.2,2024-03-24
INT00666,U0027,M015,3.2,2024-01-22
INT00667,U0127,M008,4.8,2024-12-20
INT00668,U0059,M015,3.2,2024-11-15
INT00669,U0055,M008,2.4,2024-06-18
INT00670,U0190,M013,4.0,2024-04-15
INT00671,U0103,M006,3.8,2024-01-06
INT00672,U0019,M012,3.7,2024-01-16
INT00673,U0143,M004,4.3,2024-11-19
INT00674,U0150,M030,4.5,2024-07-03
INT00675,U0012,M001,4.0,2024-04-22
INT00676,U0068,M024,4.4,2024-03-30
INT00677,U0087,M028,3.3,2024-01-12
INT00678,U0046,M027,3.6,2024-05-14
INT00679,U0026,M001,4.0,2024-12-01
INT00680,U0029,M011,3.4,2024-04-17
INT00681,U0079,M015,3.9,2024-12-04
INT00682,U0044,M017,5.0,2024-11-15
INT00683,U0112,M029,3.7,2024-03-07
INT00684,U0049,M007,3.4,2024-09-29
INT00685,U0097,M023,3.0,2024-11-21
INT00686,U0063,M030,4.6,2024-01-24
INT00687,U0196,M020,2.5,2024-05-30
INT00688,U0039,M011,3.0,2024-05-06
INT00689,U0014,M021,4.3,2024-09-17
INT00690,U0150,M029,2.2,2024-09-07
INT00691,U0054,M024,4.6,2024-12-05
INT00692,U0158,M003,4.2,2024-03-26
INT00693,U0131,M013,3.8,2024-09-17
INT00694,U0096,M016,2.6,2024-09-22
INT00695,U0119,M006,3.5,2024-12-21
INT00696,U0124,M023,4.5,2024-09-10
INT00697,U0122,M009,2.8,2024-10-25
INT00698,U0167,M002,3.2,2024-04-16
INT00699,U0057,M029,4.3,2024-07-21
INT00700,U0056,M010,5.0,2024-08-05
INT00701,U0097,M019,4.6,2024-05-10
INT00702,U0141,M003,5.0,2024-03-09
INT00703,U0193,M003,3.5,2024-04-27
INT00704,U0150,M002,4.7,2024-08-26
INT00705,U0132,M020,3.3,2024-08-09
INT00706,U0105,M012,4.6,2024-09-11
INT00707,U0082,M009,3.4,2024-04-29
INT00708,U0068,M021,4.1,2024-02-08
INT00709,U0092,M029,5.0,2024-09-19
INT00710,U0140,M021,4.6,2024-02-10
INT00711,U0071,M030,3.9,2024-07-03
INT00712,U0010,M018,4.2,2024-04-12
INT00713,U0086,M007,3.5,2024-12-15
INT00714,U0071,M007,3.3,2024-12-27
INT00715,U0155,M005,5.0,2024-10-05
INT00716,U0067,M001,3.8,2024-06-02
INT00717,U0073,M027,2.3,2024-07-26
INT00718,U0149,M025,5.0,2024-12-01
INT00719,U0004,M016,2.4,2024-03-17
INT00720,U0102,M008,1.8,2024-04-26
INT00721,U0186,M024,3.9,2024-10-27
INT00722,U0142,M025,4.4,2024-08-27
INT00723,U0185,M027,2.4,2024-06-09
INT00724,U0049,M014,4.1,2024-12-23
INT00725,U0107,M007,2.3,2024-01-16
INT00726,U0096,M005,4.4,2024-10-22
INT00727,U0033,M010,3.9,2024-12-03
INT00728,U0091,M011,3.8,2024-04-25
INT00729,U0108,M014,3.5,2024-12-19
INT00730,U0138,M010,3.1,2024-06-15
INT00731,U0151,M001,3.6,2024-03-12
INT00732,U0040,M011,3.7,2024-10-17
INT00733,U0162,M026,2.9,2024-07-19
INT00734,U0098,M007,3.1,2024-07-19
INT00735,U0017,M018,3.1,2024-06-17
INT00736,U0146,M015,4.4,2024-11-23
INT00737,U0078,M003,4.4,2024-03-31
INT00738,U0009,M027,4.9,2024-12-18
INT00739,U0155,M016,4.3,2024-07-16
INT00740,U0073,M007,3.9,2024-04-29
INT00741,U0075,M022,2.9,2024-07-07
INT00742,U0133,M001,3.7,2024-03-28
INT00743,U0084,M028,4.5,2024-02-26
INT00744,U0034,M018,3.4,2024-08-02
INT00745,U0123,M024,5.0,2024-04-15
INT00746,U0034,M028,4.6,2024-04-15
INT00747,U0080,M014,4.3,2024-03-22
INT00748,U0155,M019,2.7,2024-06-07
INT00749,U0151,M007,2.6,2024-05-21
INT00750,U0052,M001,3.8,2024-03-14
INT00751,U0115,M003,4.3,2024-05-06
INT00752,U0135,M011,2.8,2024-10-18
INT00753,U0126,M015,3.6,2024-02-16
INT00754,U0074,M021,3.9,2024-08-21
INT00755,U0089,M023,4.6,2024-07-19
INT00756,U0157,M027,2.6,2024-03-30
INT00757,U0107,M008,4.3,2024-08-09
INT00758,U0118,M013,4.8,2024-12-03
INT00759,U0047,M023,3.1,2024-01-23
INT00760,U0062,M029,3.5,2024-03-21
INT00761,U0071,M029,3.3,2024-02-04
INT00762,U0179,M024,3.3,2024-04-21
INT00763,U0127,M014,4.8,2024-07-07
INT00764,U0020,M025,3.8,2024-02-23
INT00765,U0130,M025,4.0,2024-03-25
INT00766,U0065,M007,3.0,2024-09-16
INT00767,U0012,M015,4.9,2024-12-11
INT00768,U0192,M015,4.0,2024-07-14
INT00769,U0088,M024,3.4,2024-01-20
INT00770,U0003,M009,4.1,2024-02-28
INT00771,U0182,M030,4.6,2024-08-25
INT00772,U0125,M015,4.7,2024-02-04
INT00773,U0022,M018,3.1,2024-08-12
INT00774,U0036,M016,2.7,2024-05-22
INT00775,U0042,M006,4.4,2024-03-31
INT00776,U0076,M004,2.9,2024-09-30
INT00777,U0190,M013,4.4,2024-01-06
INT00778,U0174,M009,4.8,2024-03-19
INT00779,U0113,M012,4.4,2024-12-11
INT00780,U0137,M007,4.9,2024-08-14
INT00781,U0179,M002,4.6,2024-11-24
INT00782,U0170,M023,2.5,2024-12-03
INT00783,U0027,M013,3.5,2024-11-02
INT00784,U0002,M002,3.0,2024-07-12
INT00785,U0197,M007,4.5,2024-05-02
INT00786,U0052,M003,3.5,2024-01-09
INT00787,U0108,M001,4.5,2024-04-08
INT00788,U0175,M022,3.8,2024-02-02
INT00789,U0057,M029,5.0,2024-12-06
INT00790,U0043,M024,4.7,2024-03-26
INT00791,U0012,M014,2.3,2024-06-14
INT00792,U0144,M021,3.7,2024-04-07
INT00793,U0160,M007,4.5,2024-08-07
INT00794,U0031,M008,3.5,2024-04-19
INT00795,U0028,M012,3.7,2024-11-30
INT00796,U0081,M001,3.9,2024-07-18
INT00797,U0055,M015,4.0,2024-05-22
INT00798,U0167,M020,5.0,2024-07-07
INT00799,U0012,M003,4.4,2024-11-02
INT00800,U0128,M004,3.3,2024-12-30
INT00801,U0138,M026,5.0,2024-03-28
INT00802,U0065,M004,3.7,2024-11-03
INT00803,U0084,M021,3.4,2024-12-21
INT00804,U0035,M011,2.7,2024-03-30
INT00805,U0163,M025,4.3,2024-12-07
INT00806,U0124,M003,3.3,2024-06-20
INT00807,U0005,M020,4.5,2024-09-18
INT00808,U0164,M024,3.3,2024-04-29
INT00809,U0129,M019,3.8,2024-01-11
INT00810,U0158,M025,3.7,2024-03-04
INT00811,U0080,M008,3.7,2024-11-13
INT00812,U0021,M002,2.5,2024-03-11
INT00813,U0096,M016,3.7,2024-04-14
INT00814,U0165,M002,4.2,2024-05-01
INT00815,U0186,M020,4.7,2024-06-17
INT00816,U0035,M009,3.7,2024-06-11
INT00817,U0165,M026,3.9,2024-07-31
INT00818,U0166,M027,2.8,2024-05-27
INT00819,U0193,M001,4.0,2024-06-24
INT00820,U0063,M007,5.0,2024-10-03
INT00821,U0014,M030,5.0,2024-12-17
INT00822,U0179,M024,2.6,2024-04-23
INT00823,U0156,M028,3.3,2024-08-14
INT00824,U0162,M001,4.3,2024-02-03
INT00825,U0126,M003,4.1,2024-03-13
INT00826,U0053,M005,3.7,2024-02-16
INT00827,U0045,M019,2.4,2024-04-14
INT00828,U0061,M017,3.4,2024-02-10
INT00829,U0110,M024,3.3,2024-04-11
INT00830,U0063,M014,3.9,2024-03-31
INT00831,U0156,M008,3.5,2024-11-21
INT00832,U0052,M009,4.8,2024-09-03
INT00833,U0021,M012,3.4,2024-08-13
INT00834,U0109,M017,4.1,2024-11-08
INT00835,U0189,M014,3.9,2024-09-03
INT00836,U0006,M025,2.3,2024-07-14
INT00837,U0110,M028,5.0,2024-06-02
INT00838,U0153,M018,4.7,2024-03-19
INT00839,U0142,M024,4.2,2024-06-05
INT00840,U0117,M010,4.5,2024-07-11
INT00841,U0144,M020,3.1,2024-08-28
INT00842,U0051,M005,3.9,2024-04-07
INT00843,U0002,M001,4.6,2024-07-10
INT00844,U0126,M013,2.8,2024-07-31
INT00845,U0102,M024,3.2,2024-11-24
INT00846,U0151,M003,4.5,2024-07-28
INT00847,U0010,M030,5.0,2024-03-24
INT00848,U0050,M025,5.0,2024-08-11
INT00849,U0066,M025,4.9,2024-09-17
INT00850,U0182,M016,3.1,2024-11-21
INT00851,U0177,M012,3.4,2024-08-05
INT00852,U0189,M008,2.7,2024-05-04
INT00853,U0123,M002,4.5,2024-12-27
INT00854,U0174,M001,3.4,2024-12-23
INT00855,U0171,M021,4.5,2024-12-14
INT00856,U0038,M009,4.7,2024-05-06
INT00857,U0155,M019,5.0,2024-01-07
INT00858,U0030,M025,3.3,2024-02-17
INT00859,U0165,M023,4.5,2024-10-27
INT00860,U0021,M017,3.4,2024-04-06
INT00861,U0109,M006,4.1,2024-06-03
INT00862,U0129,M018,3.3,2024-12-03
INT00863,U0098,M019,3.5,2024-02-15
INT00864,U0028,M021,4.6,2024-10-20
INT00865,U0199,M026,3.6,2024-04-17
INT00866,U0192,M013,4.2,2024-12-23
INT00867,U0079,M001,5.0,2024-01-01
INT00868,U0025,M003,3.7,2024-12-22
INT00869,U0107,M017,3.2,2024-08-08
INT00870,U0044,M006,4.1,2024-07-10
INT00871,U0048,M023,4.4,2024-09-14
INT00872,U0029,M015,4.5,2024-10-17
INT00873,U0055,M006,4.2,2024-04-08
INT00874,U0067,M029,5.0,2024-07-28
INT00875,U0113,M021,4.1,2024-11-21
INT00876,U0043,M003,3.6,2024-05-30
INT00877,U0022,M013,4.0,2024-01-16
INT00878,U0150,M008,4.0,2024-09-01
INT00879,U0125,M022,3.8,2024-05-16
INT00880,U0193,M001,3.7,2024-12-06
INT00881,U0150,M026,4.2,2024-09-24
INT00882,U0002,M013,3.8,2024-11-04
INT00883,U0134,M025,3.7,2024-06-21
INT00884,U0155,M014,4.7,2024-06-21
INT00885,U0095,M022,5.0,2024-05-02
INT00886,U0093,M022,1.8,2024-07-23
INT00887,U0097,M020,4.5,2024-06-18
INT00888,U0026,M001,4.1,2024-08-21
INT00889,U0179,M013,3.5,2024-03-12
INT00890,U0007,M020,2.1,2024-03-03
INT00891,U0136,M009,5.0,2024-05-07
INT00892,U0095,M015,3.4,2024-11-12
INT00893,U0176,M022,4.5,2024-12-04
INT00894,U0049,M001,3.1,2024-11-22
INT00895,U0083,M001,2.7,2024-06-15
INT00896,U0174,M015,2.6,2024-04-29
INT00897,U0156,M016,2.9,2024-02-11
INT00898,U0090,M014,4.4,2024-08-31
INT00899,U0169,M028,3.7,2024-07-16
INT00900,U0076,M020,3.5,2024-04-09
INT00901,U0183,M005,4.9,2024-09-15
INT00902,U0009,M005,2.6,2024-09-11
INT00903,U0023,M010,5.0,2024-08-27
INT00904,U0044,M029,1.5,2024-08-16
INT00905,U0030,M016,3.5,2024-04-18
INT00906,U0044,M025,3.3,2024-12-03
INT00907,U0180,M003,5.0,2024-01-15
INT00908,U0042,M030,5.0,2024-06-16
INT00909,U0099,M025,3.6,2024-12-06
INT00910,U0122,M029,5.0,2024-12-09
INT00911,U0032,M022,4.5,2024-09-08
INT00912,U0024,M026,4.5,2024-12-20
INT00913,U0086,M028,4.0,2024-11-03
INT00914,U0017,M021,4.8,2024-06-24
INT00915,U0097,M030,3.5,2024-07-14
INT00916,U0168,M021,2.5,2024-10-14
INT00917,U0112,M026,3.9,2024-05-28
INT00918,U0023,M004,4.4,2024-02-15
INT00919,U0088,M024,3.4,2024-02-29
INT00920,U0147,M012,3.5,2024-03-06
INT00921,U0081,M013,3.8,2024-02-01
INT00922,U0152,M018,3.8,2024-04-07
INT00923,U0100,M014,3.5,2024-12-13
INT00924,U0033,M017,4.5,2024-12-05
INT00925,U0155,M019,3.9,2024-10-02
INT00926,U0118,M011,4.6,2024-03-15
INT00927,U0076,M027,4.0,2024-03-16
INT00928,U0154,M010,5.0,2024-03-15
INT00929,U0192,M022,4.7,2024-01-18
INT00930,U0154,M011,2.6,2024-06-07
INT00931,U0129,M023,5.0,2024-12-27
INT00932,U0147,M016,5.0,2024-11-19
INT00933,U0056,M016,3.3,2024-01-31
INT00934,U0086,M005,5.0,2024-04-17
INT00935,U0188,M030,4.3,2024-01-27
INT00936,U0199,M006,2.6,2024-09-06
INT00937,U0187,M013,3.4,2024-03-22
INT00938,U0006,M018,5.0,2024-07-19
INT00939,U0087,M014,2.7,2024-07-19
INT00940,U0101,M003,1.6,2024-09-27
INT00941,U0187,M010,3.4,2024-12-24
INT00942,U0141,M013,5.0,2024-02-19
INT00943,U0034,M011,3.8,2024-01-28
INT00944,U0182,M010,2.7,2024-08-22
INT00945,U0168,M006,3.0,2024-09-04
INT00946,U0075,M029,3.4,2024-03-15
INT00947,U0054,M007,4.0,2024-11-29
INT00948,U0003,M012,3.3,2024-10-21
INT00949,U0027,M022,4.1,2024-07-11
INT00950,U0110,M022,2.3,2024-03-27
INT00951,U0015,M004,3.2,2024-01-27
INT00952,U0031,M017,4.5,2024-11-28
INT00953,U0087,M019,3.4,2024-07-25
INT00954,U0063,M002,4.0,2024-03-01
INT00955,U0062,M013,2.6,2024-03-29
INT00956,U0168,M024,3.9,2024-07-11
INT00957,U0199,M023,5.0,2024-02-15
INT00958,U0200,M015,3.7,2024-11-28
INT00959,U0098,M009,3.2,2024-01-06
INT00960,U0031,M004,3.2,2024-02-12
INT00961,U0032,M016,2.7,2024-04-25
INT00962,U0006,M019,2.4,2024-10-20
INT00963,U0147,M016,3.6,2024-10-30
INT00964,U0047,M013,5.0,2024-09-04
INT00965,U0166,M023,2.8,2024-02-20
INT00966,U0084,M003,4.2,2024-12-31
INT00967,U0138,M006,2.8,2024-07-20
INT00968,U0143,M027,4.5,2024-10-01
INT00969,U0136,M016,5.0,2024-10-02
INT00970,U0183,M027,4.4,2024-11-29
INT00971,U0032,M025,3.8,2024-03-01
INT00972,U0047,M028,1.7,2024-11-02
INT00973,U0178,M006,4.7,2024-06-09
INT00974,U0032,M002,3.8,2024-03-06
INT00975,U0148,M007,3.6,2024-05-11
INT00976,U0193,M002,3.5,2024-02-13
INT00977,U0032,M017,3.2,2024-03-28
INT00978,U0109,M022,5.0,2024-01-01
INT00979,U0064,M010,5.0,2024-05-30
INT00980,U0169,M018,4.4,2024-08-15
INT00981,U0036,M019,3.1,2024-06-29
INT00982,U0156,M018,3.8,2024-09-18
INT00983,U0054,M023,5.0,2024-05-01
INT00984,U0010,M007,4.7,2024-03-13
INT00985,U0077,M028,4.8,2024-11-04
INT00986,U0142,M007,2.1,2024-10-29
INT00987,U0092,M009,4.6,2024-02-08
INT00988,U0141,M009,4.6,2024-05-13
INT00989,U0098,M021,4.5,2024-02-12
INT00990,U0066,M022,3.3,2024-08-05
INT00991,U0178,M005,3.5,2024-05-17
INT00992,U0163,M023,3.7,2024-11-26
INT00993,U0050,M023,3.0,2024-09-18
INT00994,U0155,M006,4.6,2024-08-02
INT00995,U0040,M011,4.7,2024-01-14
INT00996,U0155,M008,3.8,2024-02-09
INT00997,U0070,M004,2.6,2024-07-27
INT00998,U0017,M011,3.6,2024-11-23
INT00999,U0023,M012,5.0,2024-03-15
INT01000,U0058,M009,3.1,2024-01-06
INT01001,U0026,M013,4.4,2024-02-23
INT01002,U0032,M006,3.7,2024-09-26
INT01003,U0187,M029,3.3,2024-09-07
INT01004,U0025,M017,5.0,2024-06-27
INT01005,U0180,M019,4.5,2024-11-07
INT01006,U0026,M029,3.0,2024-01-25
INT01007,U0044,M011,4.6,2024-06-25
INT01008,U0190,M022,3.5,2024-09-29
INT01009,U0142,M020,4.4,2024-10-30
INT01010,U0033,M009,3.3,2024-01-05
INT01011,U0176,M017,3.5,2024-03-14
INT01012,U0097,M019,2.7,2024-05-16
INT01013,U0014,M030,3.5,2024-12-28
INT01014,U0200,M008,1.7,2024-12-13
INT01015,U0156,M014,3.7,2024-06-30
INT01016,U0120,M017,3.3,2024-05-26
INT01017,U0071,M014,2.5,2024-04-27
INT01018,U0079,M021,3.6,2024-02-14
INT01019,U0079,M014,4.0,2024-11-20
INT01020,U0021,M003,2.3,2024-05-02
INT01021,U0024,M006,3.5,2024-05-26
INT01022,U0142,M030,3.6,2024-09-09
INT01023,U0003,M014,3.0,2024-03-10
INT01024,U0123,M016,2.1,2024-09-20
INT01025,U0176,M022,4.7,2024-07-26
INT01026,U0004,M020,3.0,2024-04-07
INT01027,U0191,M001,3.5,2024-06-25
INT01028,U0063,M024,2.6,2024-12-04
INT01029,U0136,M022,3.0,2024-03-27
INT01030,U0173,M030,3.1,2024-09-25
INT01031,U0058,M006,5.0,2024-09-20
INT01032,U0091,M002,4.5,2024-08-04
INT01033,U0127,M013,4.8,2024-06-22
INT01034,U0174,M008,5.0,2024-10-03
INT01035,U0197,M028,4.3,2024-05-30
INT01036,U0068,M007,4.3,2024-01-02
INT01037,U0189,M021,3.3,2024-06-05
INT01038,U0165,M017,3.6,2024-01-19
INT01039,U0119,M029,3.1,2024-07-01
INT01040,U0002,M020,3.2,2024-08-23
INT01041,U0085,M010,3.8,2024-04-05
INT01042,U0103,M012,3.9,2024-01-05
INT01043,U0026,M014,3.5,2024-09-20
INT01044,U0040,M014,3.8,2024-03-04
INT01045,U0125,M001,4.5,2024-04-25
INT01046,U0121,M013,4.8,2024-07-10
INT01047,U0077,M012,3.3,2024-05-17
INT01048,U0028,M015,4.0,2024-12-02
INT01049,U0113,M006,4.6,2024-01-03
INT01050,U0092,M029,4.8,2024-12-29
INT01051,U0051,M004,3.9,2024-07-21
INT01052,U0108,M024,4.0,2024-06-18
INT01053,U0009,M006,2.8,2024-12-06
INT01054,U0069,M004,2.1,2024-08-03
INT01055,U0126,M018,2.6,2024-03-06
INT01056,U0084,M025,3.8,2024-07-23
INT01057,U0129,M024,5.0,2024-07-18
INT01058,U0034,M004,3.1,2024-02-25
INT01059,U0006,M005,4.3,2024-12-16
INT01060,U0061,M002,4.6,2024-12-13
INT01061,U0088,M014,5.0,2024-08-10
INT01062,U0123,M010,3.6,2024-05-24
INT01063,U0125,M003,3.8,2024-03-19
INT01064,U0187,M017,3.2,2024-04-05
INT01065,U0064,M009,4.0,2024-12-24
INT01066,U0064,M022,2.2,2024-08-07
INT01067,U0051,M016,3.4,2024-12-24
INT01068,U0187,M017,2.4,2024-11-08
INT01069,U0047,M007,4.9,2024-11-20
INT01070,U0039,M008,3.7,2024-03-02
INT01071,U0034,M013,5.0,2024-03-15
INT01072,U0110,M001,4.4,2024-11-11
INT01073,U0052,M003,4.3,2024-09-25
INT01074,U0079,M023,3.2,2024-11-20
INT01075,U0060,M008,3.3,2024-09-18
INT01076,U0110,M021,4.6,2024-01-27
INT01077,U0078,M004,3.7,2024-06-28
INT01078,U0183,M014,4.4,2024-05-06
INT01079,U0082,M029,4.0,2024-01-27
INT01080,U0170,M024,3.9,2024-06-13
INT01081,U0055,M010,2.1,2024-02-21
INT01082,U0111,M006,4.1,2024-05-09
INT01083,U0126,M012,3.6,2024-12-08
INT01084,U0004,M022,4.1,2024-10-09
INT01085,U0198,M028,4.3,2024-07-04
INT01086,U0191,M025,4.4,2024-10-28
INT01087,U0136,M020,3.0,2024-04-17
INT01088,U0150,M013,4.6,2024-02-14
INT01089,U0028,M005,3.1,2024-01-22
INT01090,U0151,M030,3.0,2024-12-01
INT01091,U0049,M007,3.3,2024-02-08
INT01092,U0140,M020,2.1,2024-06-24
INT01093,U0078,M024,2.5,2024-09-30
INT01094,U0185,M005,4.0,2024-01-23
INT01095,U0033,M007,2.7,2024-10-13
INT01096,U0089,M029,4.4,2024-07-06
INT01097,U0115,M021,3.4,2024-02-04
INT01098,U0124,M014,2.1,2024-09-25
INT01099,U0129,M026,4.9,2024-12-22
INT01100,U0034,M010,3.9,2024-01-24
INT01101,U0145,M002,4.1,2024-07-22
INT01102,U0127,M022,2.6,2024-09-29
INT01103,U0132,M003,4.5,2024-07-15
INT01104,U0144,M025,4.9,2024-07-18
INT01105,U0103,M020,3.7,2024-03-22
INT01106,U0147,M007,4.3,2024-10-30
INT01107,U0179,M001,4.8,2024-08-21
INT01108,U0129,M023,2.8,2024-09-25
INT01109,U0067,M010,4.2,2024-05-17
INT01110,U0142,M004,3.3,2024-03-28
INT01111,U0058,M002,3.2,2024-11-23
INT01112,U0038,M029,3.7,2024-05-22
INT01113,U0035,M009,4.0,2024-05-07
INT01114,U0054,M018,3.6,2024-02-29
INT01115,U0001,M021,3.2,2024-07-07
INT01116,U0084,M003,4.7,2024-12-27
INT01117,U0141,M009,3.7,2024-11-09
INT01118,U0076,M011,3.0,2024-01-30
INT01119,U0161,M027,4.5,2024-05-23
INT01120,U0046,M009,3.8,2024-01-09
INT01121,U0138,M022,5.0,2024-10-25
INT01122,U0028,M024,3.6,2024-12-18
INT01123,U0098,M021,3.7,2024-11-05
INT01124,U0142,M007,4.9,2024-08-14
INT01125,U0057,M011,3.7,2024-07-21
INT01126,U0040,M015,4.8,2024-04-28
INT01127,U0187,M024,3.4,2024-09-02
INT01128,U0024,M016,4.0,2024-04-02
INT01129,U0118,M006,4.0,2024-10-18
INT01130,U0126,M024,3.3,2024-04-02
INT01131,U0166,M010,4.3,2024-03-31
INT01132,U0101,M022,3.9,2024-11-07
INT01133,U0049,M003,4.3,2024-08-20
INT01134,U0166,M013,4.5,2024-02-21
INT01135,U0186,M017,4.7,2024-01-07
INT01136,U0155,M004,4.8,2024-07-12
INT01137,U0099,M001,3.9,2024-11-25
INT01138,U0012,M005,3.9,2024-05-07
INT01139,U0198,M003,3.6,2024-11-03
INT01140,U0004,M026,5.0,2024-01-05
INT01141,U0028,M018,3.7,2024-12-28
INT01142,U0022,M007,3.1,2024-03-12
INT01143,U0123,M025,3.0,2024-03-24
INT01144,U0079,M011,3.5,2024-09-02
INT01145,U0040,M008,5.0,2024-11-17
INT01146,U0140,M004,4.2,2024-01-11
INT01147,U0012,M004,3.4,2024-07-31
INT01148,U0037,M001,3.7,2024-04-24
INT01149,U0007,M008,3.4,2024-12-01
INT01150,U0074,M008,4.0,2024-12-16
INT01151,U0099,M022,4.9,2024-02-27
INT01152,U0126,M006,2.8,2024-02-26
INT01153,U0058,M004,4.4,2024-02-09
INT01154,U0158,M011,3.6,2024-03-01
INT01155,U0093,M030,4.1,2024-01-23
INT01156,U0155,M005,3.6,2024-04-01
INT01157,U0110,M017,3.5,2024-08-05
INT01158,U0039,M029,4.2,2024-12-07
INT01159,U0176,M010,3.3,2024-02-23
INT01160,U0070,M030,3.3,2024-09-12
INT01161,U0170,M012,5.0,2024-12-30
INT01162,U0020,M026,3.2,2024-01-02
INT01163,U0039,M025,3.4,2024-07-18
INT01164,U0115,M024,3.2,2024-09-01
INT01165,U0018,M004,2.0,2024-05-22
INT01166,U0038,M003,2.8,2024-06-14
INT01167,U0033,M006,3.9,2024-09-10
INT01168,U0109,M016,3.1,2024-12-21
INT01169,U0106,M020,4.0,2024-11-30
INT01170,U0063,M013,3.1,2024-08-02
INT01171,U0141,M016,2.9,2024-10-01
INT01172,U0059,M013,3.6,2024-02-12
INT01173,U0149,M023,2.9,2024-12-21
INT01174,U0192,M008,4.3,2024-12-25
INT01175,U0023,M008,3.5,2024-01-09
INT01176,U0093,M018,4.2,2024-08-30
INT01177,U0035,M030,5.0,2024-07-03
INT01178,U0200,M027,4.9,2024-03-12
INT01179,U0076,M015,4.8,2024-08-03
INT01180,U0063,M007,5.0,2024-04-24
INT01181,U0015,M024,5.0,2024-12-26
INT01182,U0037,M013,5.0,2024-01-14
INT01183,U0179,M014,2.9,2024-12-05
INT01184,U0149,M003,4.7,2024-09-01
INT01185,U0153,M028,4.0,2024-03-13
INT01186,U0021,M008,4.2,2024-02-09
INT01187,U0004,M019,4.2,2024-04-03
INT01188,U0121,M024,3.1,2024-03-12
INT01189,U0192,M017,3.6,2024-07-29
INT01190,U0185,M011,3.2,2024-08-15
INT01191,U0166,M023,4.2,2024-01-31
INT01192,U0165,M002,3.8,2024-11-05
INT01193,U0193,M006,3.7,2024-08-04
INT01194,U0175,M029,3.8,2024-08-20
INT01195,U0142,M023,4.7,2024-09-13
INT01196,U0079,M023,2.2,2024-04-26
INT01197,U0109,M030,5.0,2024-09-24
INT01198,U0097,M005,5.0,2024-04-18
INT01199,U0103,M020,4.5,2024-10-13
INT01200,U0155,M027,4.1,2024-02-09
INT01201,U0178,M015,2.6,2024-07-26
INT01202,U0098,M006,4.0,2024-01-28
INT01203,U0096,M021,3.2,2024-02-23
INT01204,U0020,M012,4.1,2024-11-04
INT01205,U0200,M028,3.5,2024-03-24
INT01206,U0139,M004,4.3,2024-02-03
INT01207,U0055,M020,5.0,2024-04-06
INT01208,U0142,M007,3.9,2024-11-22
INT01209,U0009,M008,3.5,2024-10-16
INT01210,U0012,M019,5.0,2024-09-04
INT01211,U0012,M002,3.0,2024-01-05
INT01212,U0092,M025,5.0,2024-05-24
INT01213,U0102,M017,4.3,2024-07-01
INT01214,U0034,M023,5.0,2024-12-11
INT01215,U0025,M011,2.7,2024-02-21
INT01216,U0129,M026,4.5,2024-03-17
INT01217,U0007,M019,4.1,2024-01-20
INT01218,U0075,M006,2.9,2024-03-18
INT01219,U0175,M015,4.8,2024-04-28
INT01220,U0056,M026,4.3,2024-12-14
INT01221,U0168,M005,3.9,2024-09-13
INT01222,U0133,M024,3.3,2024-11-07
INT01223,U0167,M017,4.5,2024-03-08
INT01224,U0087,M010,3.5,2024-07-03
INT01225,U0160,M028,4.0,2024-12-30
INT01226,U0199,M022,3.7,2024-07-17
INT01227,U0062,M007,4.9,2024-03-19
INT01228,U0146,M021,3.8,2024-09-11
INT01229,U0025,M026,5.0,2024-06-07
INT01230,U0141,M028,3.9,2024-02-14
INT01231,U0128,M004,3.3,2024-05-31
INT01232,U0042,M003,3.9,2024-05-23
INT01233,U0148,M012,3.6,2024-12-29
INT01234,U0198,M015,4.0,2024-05-12
INT01235,U0122,M009,3.9,2024-03-12
INT01236,U0032,M019,2.9,2024-09-06
INT01237,U0011,M012,4.3,2024-11-13
INT01238,U0175,M005,3.2,2024-08-13
INT01239,U0094,M017,4.9,2024-07-10
INT01240,U0022,M022,2.2,2024-07-30
INT01241,U0130,M015,3.7,2024-12-15
INT01242,U0011,M020,5.0,2024-11-25
INT01243,U0015,M024,4.1,2024-10-14
INT01244,U0003,M005,2.6,2024-02-23
INT01245,U0075,M013,4.2,2024-02-07
INT01246,U0058,M013,4.5,2024-08-24
INT01247,U0172,M003,3.3,2024-09-30
INT01248,U0120,M004,4.5,2024-02-13
INT01249,U0047,M024,5.0,2024-07-22
INT01250,U0197,M014,5.0,2024-04-12
INT01251,U0103,M011,4.5,2024-11-05
INT01252,U0125,M007,4.1,2024-12-25
INT01253,U0190,M016,4.5,2024-10-06
INT01254,U0040,M016,4.4,2024-03-15
INT01255,U0164,M007,3.7,2024-11-03
INT01256,U0199,M013,4.0,2024-02-01
INT01257,U0093,M026,3.0,2024-01-28
INT01258,U0055,M028,4.2,2024-01-12
INT01259,U0195,M022,3.3,2024-03-31
INT01260,U0022,M005,4.1,2024-02-05
INT01261,U0071,M013,5.0,2024-08-19
INT01262,U0108,M017,4.6,2024-04-19
INT01263,U0172,M029,3.7,2024-02-17
INT01264,U0110,M011,5.0,2024-06-01
INT01265,U0043,M007,3.3,2024-08-31
INT01266,U0138,M023,4.5,2024-03-23
INT01267,U0179,M014,3.0,2024-07-18
INT01268,U0003,M018,4.8,2024-11-01
INT01269,U0051,M003,3.6,2024-03-15
INT01270,U0083,M022,2.8,2024-06-11
INT01271,U0004,M005,5.0,2024-09-12
INT01272,U0082,M004,2.7,2024-12-11
INT01273,U0105,M009,3.7,2024-08-18
INT01274,U0033,M021,3.8,2024-08-18
INT01275,U0164,M019,4.3,2024-04-06
INT01276,U0108,M023,4.1,2024-10-06
INT01277,U0199,M006,3.4,2024-04-17
INT01278,U0049,M022,3.5,2024-10-22
INT01279,U0004,M012,3.9,2024-06-06
INT01280,U0129,M027,3.7,2024-03-04
INT01281,U0180,M016,3.3,2024-07-29
INT01282,U0091,M012,3.1,2024-10-04
INT01283,U0110,M017,4.5,2024-03-31
INT01284,U0118,M014,3.7,2024-07-10
INT01285,U0046,M018,3.0,2024-07-14
INT01286,U0073,M028,3.2,2024-12-03
INT01287,U0177,M022,3.2,2024-11-13
INT01288,U0026,M003,4.0,2024-02-23
INT01289,U0023,M021,5.0,2024-02-23
INT01290,U0128,M024,4.0,2024-11-15
INT01291,U0140,M004,3.2,2024-01-17
INT01292,U0171,M010,3.1,2024-08-03
INT01293,U0055,M008,4.0,2024-02-28
INT01294,U0051,M028,2.8,2024-08-28
INT01295,U0032,M012,5.0,2024-07-30
INT01296,U0166,M023,3.4,2024-07-21
INT01297,U0002,M012,4.0,2024-05-17
INT01298,U0169,M009,2.9,2024-06-06
INT01299,U0107,M022,3.9,2024-07-31
INT01300,U0009,M001,5.0,2024-01-14
INT01301,U0040,M026,2.8,2024-11-03
INT01302,U0082,M011,4.8,2024-03-28
INT01303,U0147,M014,3.9,2024-04-08
INT01304,U0158,M021,5.0,2024-07-20
INT01305,U0014,M026,4.6,2024-11-21
INT01306,U0100,M024,3.4,2024-03-29
INT01307,U0104,M029,3.6,2024-04-28
INT01308,U0026,M023,4.2,2024-03-05
INT01309,U0130,M004,2.9,2024-11-17
INT01310,U0067,M027,2.8,2024-10-10
INT01311,U0041,M011,3.9,2024-08-11
INT01312,U0003,M021,4.1,2024-10-30
INT01313,U0040,M001,3.1,2024-02-10
INT01314,U0147,M013,3.1,2024-01-13
INT01315,U0191,M024,4.4,2024-11-19
INT01316,U0200,M012,4.4,2024-04-05
INT01317,U0062,M021,4.3,2024-10-01
INT01318,U0063,M024,3.4,2024-07-12
INT01319,U0198,M009,3.5,2024-03-14
INT01320,U0161,M001,3.3,2024-11-22
INT01321,U0149,M028,4.5,2024-11-01
INT01322,U0032,M004,4.3,2024-03-13
INT01323,U0073,M009,4.1,2024-09-10
INT01324,U0093,M030,3.6,2024-04-16
INT01325,U0101,M004,3.6,2024-02-07
INT01326,U0125,M021,3.8,2024-02-09
INT01327,U0054,M022,2.3,2024-11-20
INT01328,U0116,M026,4.6,2024-03-23
INT01329,U0047,M010,4.3,2024-10-17
INT01330,U0162,M020,3.8,2024-01-17
INT01331,U0031,M011,4.7,2024-11-10
INT01332,U0154,M018,3.8,2024-01-03
INT01333,U0041,M017,3.7,2024-04-08
INT01334,U0156,M001,2.0,2024-10-01
INT01335,U0006,M017,3.3,2024-07-05
INT01336,U0030,M029,3.8,2024-04-21
INT01337,U0008,M011,4.0,2024-12-20
INT01338,U0033,M009,4.1,2024-05-20
INT01339,U0124,M007,4.5,2024-10-09
INT01340,U0167,M010,3.6,2024-08-27
INT01341,U0191,M026,2.8,2024-07-23
INT01342,U0050,M009,3.8,2024-03-29
INT01343,U0051,M022,4.5,2024-07-20
INT01344,U0027,M019,2.8,2024-10-27
INT01345,U0080,M006,4.3,2024-09-06
INT01346,U0111,M029,1.9,2024-08-16
INT01347,U0109,M020,3.8,2024-11-14
INT01348,U0028,M020,2.3,2024-07-15
INT01349,U0110,M007,3.1,2024-11-19
INT01350,U0017,M015,3.5,2024-03-26
INT01351,U0009,M017,3.8,2024-11-05
INT01352,U0166,M017,4.6,2024-06-29
INT01353,U0102,M001,4.9,2024-08-07
INT01354,U0048,M012,4.8,2024-05-05
INT01355,U0019,M007,3.4,2024-06-09
INT01356,U0032,M001,3.2,2024-06-12
INT01357,U0177,M001,3.7,2024-10-17
INT01358,U0083,M029,3.3,2024-04-29
INT01359,U0144,M003,3.0,2024-09-26
INT01360,U0056,M004,4.5,2024-10-14
INT01361,U0072,M023,2.5,2024-12-09
INT01362,U0020,M019,2.8,2024-11-26
INT01363,U0108,M022,3.8,2024-06-12
INT01364,U0051,M007,3.1,2024-01-26
INT01365,U0127,M016,4.4,2024-03-02
INT01366,U0032,M015,4.0,2024-03-28
INT01367,U0154,M011,3.3,2024-01-11
INT01368,U0073,M001,3.5,2024-11-25
INT01369,U0148,M001,4.4,2024-07-25
INT01370,U0010,M029,3.5,2024-09-30
INT01371,U0136,M002,3.7,2024-08-28
INT01372,U0025,M027,3.9,2024-07-31
INT01373,U0186,M010,3.6,2024-07-23
INT01374,U0021,M018,5.0,2024-06-09
INT01375,U0127,M020,4.4,2024-08-20
INT01376,U0127,M028,4.0,2024-11-24
INT01377,U0032,M027,3.0,2024-01-15
INT01378,U0058,M002,4.6,2024-01-06
INT01379,U0036,M004,5.0,2024-08-11
INT01380,U0058,M006,3.7,2024-02-15
INT01381,U0049,M024,4.4,2024-10-02
INT01382,U0002,M030,3.4,2024-12-18
INT01383,U0014,M009,4.0,2024-01-25
INT01384,U0078,M003,3.6,2024-05-15
INT01385,U0085,M023,2.7,2024-05-18
INT01386,U0179,M006,2.8,2024-03-11
INT01387,U0150,M015,4.3,2024-03-16
INT01388,U0193,M019,4.3,2024-07-30
INT01389,U0164,M015,3.3,2024-05-03
INT01390,U0148,M016,3.0,2024-12-04
INT01391,U0126,M009,3.2,2024-04-25
INT01392,U0024,M009,5.0,2024-05-31
INT01393,U0183,M003,2.9,2024-05-04
INT01394,U0169,M021,5.0,2024-04-15
INT01395,U0178,M003,4.6,2024-04-18
INT01396,U0004,M022,4.2,2024-04-20
INT01397,U0120,M027,3.1,2024-06-23
INT01398,U0054,M027,4.4,2024-10-29
INT01399,U0195,M017,3.1,2024-06-08
INT01400,U0182,M015,3.7,2024-12-01
INT01401,U0040,M028,2.0,2024-04-22
INT01402,U0094,M013,3.7,2024-08-19
INT01403,U0159,M017,4.0,2024-02-05
INT01404,U0072,M014,4.6,2024-03-25
INT01405,U0176,M010,4.8,2024-02-22
INT01406,U0038,M015,3.5,2024-02-24
INT01407,U0191,M004,3.9,2024-04-05
INT01408,U0069,M001,5.0,2024-08-31
INT01409,U0170,M017,3.2,2024-10-08
INT01410,U0022,M012,4.0,2024-08-08
INT01411,U0055,M005,3.1,2024-06-19
INT01412,U0014,M015,4.3,2024-05-19
INT01413,U0095,M004,4.5,2024-08-04
INT01414,U0050,M010,4.0,2024-04-06
INT01415,U0104,M006,3.0,2024-09-09
INT01416,U0133,M014,3.3,2024-02-25
INT01417,U0175,M002,2.6,2024-04-22
INT01418,U0030,M002,2.2,2024-01-19
INT01419,U0148,M009,3.9,2024-05-21
INT01420,U0058,M029,4.8,2024-11-13
INT01421,U0180,M023,3.1,2024-04-22
INT01422,U0188,M027,4.3,2024-12-20
INT01423,U0069,M016,4.2,2024-06-26
INT01424,U0164,M010,5.0,2024-12-27
INT01425,U0153,M010,3.8,2024-09-14
INT01426,U0180,M020,3.4,2024-09-01
INT01427,U0190,M010,4.5,2024-03-28
INT01428,U0081,M022,2.8,2024-02-05
INT01429,U0043,M006,3.4,2024-01-07
INT01430,U0171,M016,4.6,2024-08-07
INT01431,U0086,M001,4.1,2024-02-09
INT01432,U0044,M022,4.4,2024-01-05
INT01433,U0153,M012,4.8,2024-09-07
INT01434,U0064,M016,3.6,2024-02-26
INT01435,U0012,M027,5.0,2024-05-28
INT01436,U0059,M017,3.9,2024-09-14
INT01437,U0043,M025,4.0,2024-06-04
INT01438,U0189,M011,4.1,2024-08-19
INT01439,U0126,M024,3.2,2024-12-05
INT01440,U0125,M009,4.6,2024-07-05
INT01441,U0118,M001,4.1,2024-06-19
INT01442,U0133,M025,3.2,2024-12-05
INT01443,U0153,M016,4.7,2024-11-23
INT01444,U0006,M005,4.6,2024-07-29
INT01445,U0057,M022,4.6,2024-01-16
INT01446,U0063,M019,3.8,2024-12-22
INT01447,U0111,M012,3.9,2024-07-12
INT01448,U0164,M004,4.1,2024-05-20
INT01449,U0161,M022,2.1,2024-09-26
INT01450,U0045,M009,3.3,2024-12-13
INT01451,U0090,M029,3.3,2024-05-21
INT01452,U0080,M007,4.7,2024-01-22
INT01453,U0149,M017,3.3,2024-03-03
INT01454,U0111,M026,2.4,2024-08-20
INT01455,U0146,M026,4.0,2024-01-05
INT01456,U0128,M030,3.2,2024-12-16
INT01457,U0038,M015,3.4,2024-05-28
INT01458,U0160,M018,2.9,2024-12-06
INT01459,U0042,M010,3.5,2024-05-30
INT01460,U0004,M015,3.8,2024-01-21
INT01461,U0056,M010,4.0,2024-09-07
INT01462,U0079,M001,3.4,2024-08-08
INT01463,U0091,M022,3.9,2024-03-11
INT01464,U0090,M029,3.6,2024-05-25
INT01465,U0129,M022,4.8,2024-02-14
INT01466,U0183,M009,3.5,2024-03-14
INT01467,U0188,M007,2.2,2024-05-28
INT01468,U0057,M002,4.5,2024-08-30
INT01469,U0091,M008,4.2,2024-08-04
INT01470,U0103,M029,2.7,2024-02-20
INT01471,U0067,M030,3.6,2024-10-15
INT01472,U0112,M022,4.5,2024-06-14
INT01473,U0149,M005,3.6,2024-03-10
INT01474,U0107,M018,3.3,2024-04-12
INT01475,U0078,M010,4.7,2024-11-17
INT01476,U0119,M018,4.3,2024-04-03
INT01477,U0097,M026,4.4,2024-03-11
INT01478,U0135,M015,3.2,2024-12-21
INT01479,U0081,M017,5.0,2024-08-27
INT01480,U0091,M014,3.3,2024-08-26
INT01481,U0108,M014,2.1,2024-01-14
INT01482,U0197,M014,4.2,2024-02-15
INT01483,U0194,M005,3.3,2024-05-04
INT01484,U0149,M017,3.4,2024-07-10
INT01485,U0033,M020,2.8,2024-05-30
INT01486,U0014,M025,3.5,2024-07-20
INT01487,U0033,M013,3.4,2024-09-22
INT01488,U0118,M027,3.0,2024-01-28
INT01489,U0022,M002,3.5,2024-02-24
INT01490,U0086,M020,5.0,2024-02-19
INT01491,U0075,M019,3.1,2024-02-01
INT01492,U0032,M024,3.9,2024-10-26
INT01493,U0173,M017,3.8,2024-04-14
INT01494,U0133,M005,3.5,2024-10-14
INT01495,U0190,M016,4.9,2024-11-23
INT01496,U0040,M010,5.0,2024-11-17
INT01497,U0080,M024,3.9,2024-09-05
INT01498,U0160,M023,3.8,2024-04-12
INT01499,U0030,M003,4.9,2024-03-02
INT01500,U0134,M004,3.8,2024-05-06
