user_id,username,password_hash,email,role,age,gender,blood_type,chronic_conditions,allergies,created_at
U0001,admin,240be518fabd2724ddb6f04eeb1da5967448d7e831c08c8fa822809f74c720a9,admin@healthai.com,Admin,58,Male,A+,,Sulfa,2024-05-05
U0002,analyst,240be518fabd2724ddb6f04eeb1da5967448d7e831c08c8fa822809f74c720a9,analyst@healthai.com,Admin,32,Male,A-,,Aspirin,2024-02-14
U0003,user,240be518fabd2724ddb6f04eeb1da5967448d7e831c08c8fa822809f74c720a9,user@healthai.com,Admin,55,Female,A+,,,2024-04-21
U0004,demo,240be518fabd2724ddb6f04eeb1da5967448d7e831c08c8fa822809f74c720a9,demo@healthai.com,Admin,32,Other,A+,Heart Disease,Penicillin,2024-11-28
U0005,user5,240be518fabd2724ddb6f04eeb1da5967448d7e831c08c8fa822809f74c720a9,user5@healthai.com,Admin,62,Other,AB+,Hypertension,NSAIDs,2024-10-28
U0006,user6,20249749412d73a3f5799f6f1dcf910e7b4aa3ce4de133b1f8a63c044792a4e9,user6@healthai.com,Analyst,35,Male,B+,,NSAIDs,2024-06-23
U0007,user7,20249749412d73a3f5799f6f1dcf910e7b4aa3ce4de133b1f8a63c044792a4e9,user7@healthai.com,Analyst,35,Male,B-,,Sulfa,2024-02-22
U0008,user8,20249749412d73a3f5799f6f1dcf910e7b4aa3ce4de133b1f8a63c044792a4e9,user8@healthai.com,Analyst,23,Female,A-,Diabetes,Sulfa,2024-11-05
U0009,user9,20249749412d73a3f5799f6f1dcf910e7b4aa3ce4de133b1f8a63c044792a4e9,user9@healthai.com,Analyst,34,Male,AB-,Heart Disease,,2024-07-12
U0010,user10,20249749412d73a3f5799f6f1dcf910e7b4aa3ce4de133b1f8a63c044792a4e9,user10@healthai.com,Analyst,23,Other,O+,,Aspirin,2024-07-04
U0011,user11,20249749412d73a3f5799f6f1dcf910e7b4aa3ce4de133b1f8a63c044792a4e9,user11@healthai.com,Analyst,54,Male,A-,,Penicillin,2024-05-28
U0012,user12,20249749412d73a3f5799f6f1dcf910e7b4aa3ce4de133b1f8a63c044792a4e9,user12@healthai.com,Analyst,23,Male,A-,Asthma,Sulfa,2024-08-20
U0013,user13,20249749412d73a3f5799f6f1dcf910e7b4aa3ce4de133b1f8a63c044792a4e9,user13@healthai.com,Analyst,58,Female,B+,Diabetes,Sulfa,2024-04-17
U0014,user14,20249749412d73a3f5799f6f1dcf910e7b4aa3ce4de133b1f8a63c044792a4e9,user14@healthai.com,Analyst,60,Female,A-,Heart Disease,Penicillin,2024-09-30
U0015,user15,20249749412d73a3f5799f6f1dcf910e7b4aa3ce4de133b1f8a63c044792a4e9,user15@healthai.com,Analyst,64,Male,B+,Asthma,NSAIDs,2024-05-18
U0016,user16,20249749412d73a3f5799f6f1dcf910e7b4aa3ce4de133b1f8a63c044792a4e9,user16@healthai.com,Analyst,58,Other,B-,,Sulfa,2024-01-29
U0017,user17,20249749412d73a3f5799f6f1dcf910e7b4aa3ce4de133b1f8a63c044792a4e9,user17@healthai.com,Analyst,32,Male,O-,Asthma,Sulfa,2024-02-03
U0018,user18,20249749412d73a3f5799f6f1dcf910e7b4aa3ce4de133b1f8a63c044792a4e9,user18@healthai.com,Analyst,31,Other,O-,Hypertension,NSAIDs,2024-07-21
U0019,user19,20249749412d73a3f5799f6f1dcf910e7b4aa3ce4de133b1f8a63c044792a4e9,user19@healthai.com,Analyst,74,Other,AB-,Hypertension,Sulfa,2024-03-12
U0020,user20,20249749412d73a3f5799f6f1dcf910e7b4aa3ce4de133b1f8a63c044792a4e9,user20@healthai.com,Analyst,33,Other,O+,,Aspirin,2024-08-07
U0021,user21,e606e38b0d8c19b24cf0ee3808183162ea7cd63ff7912dbb22b5e803286b4446,user21@healthai.com,User,75,Other,AB+,Diabetes,Penicillin,2024-03-11
U0022,user22,e606e38b0d8c19b24cf0ee3808183162ea7cd63ff7912dbb22b5e803286b4446,user22@healthai.com,User,50,Female,A-,,,2024-02-26
U0023,user23,e606e38b0d8c19b24cf0ee3808183162ea7cd63ff7912dbb22b5e803286b4446,user23@healthai.com,User,27,Other,B+,,NSAIDs,2024-11-01
U0024,user24,e606e38b0d8c19b24cf0ee3808183162ea7cd63ff7912dbb22b5e803286b4446,user24@healthai.com,User,22,Female,AB+,Heart Disease,NSAIDs,2024-09-27
U0025,user25,e606e38b0d8c19b24cf0ee3808183162ea7cd63ff7912dbb22b5e803286b4446,user25@healthai.com,User,34,Other,A+,,,2024-12-15
U0026,user26,e606e38b0d8c19b24cf0ee3808183162ea7cd63ff7912dbb22b5e803286b4446,user26@healthai.com,User,74,Other,O+,,Sulfa,2024-02-27
U0027,user27,e606e38b0d8c19b24cf0ee3808183162ea7cd63ff7912dbb22b5e803286b4446,user27@healthai.com,User,36,Female,B+,Asthma,,2024-05-14
U0028,user28,e606e38b0d8c19b24cf0ee3808183162ea7cd63ff7912dbb22b5e803286b4446,user28@healthai.com,User,50,Male,A-,,Sulfa,2024-11-23
U0029,user29,e606e38b0d8c19b24cf0ee3808183162ea7cd63ff7912dbb22b5e803286b4446,user29@healthai.com,User,50,Other,B-,Hypertension,Sulfa,2024-03-23
U0030,user30,e606e38b0d8c19b24cf0ee3808183162ea7cd63ff7912dbb22b5e803286b4446,user30@healthai.com,User,52,Other,A+,Heart Disease,Sulfa,2024-09-07
U0031,user31,e606e38b0d8c19b24cf0ee3808183162ea7cd63ff7912dbb22b5e803286b4446,user31@healthai.com,User,19,Male,O-,,Sulfa,2024-05-02
U0032,user32,e606e38b0d8c19b24cf0ee3808183162ea7cd63ff7912dbb22b5e803286b4446,user32@healthai.com,User,21,Male,A-,,NSAIDs,2024-02-05
U0033,user33,e606e38b0d8c19b24cf0ee3808183162ea7cd63ff7912dbb22b5e803286b4446,user33@healthai.com,User,66,Other,B+,Hypertension,NSAIDs,2024-10-08
U0034,user34,e606e38b0d8c19b24cf0ee3808183162ea7cd63ff7912dbb22b5e803286b4446,user34@healthai.com,User,28,Female,AB+,Hypertension,Aspirin,2024-12-19
U0035,user35,e606e38b0d8c19b24cf0ee3808183162ea7cd63ff7912dbb22b5e803286b4446,user35@healthai.com,User,30,Other,O+,Asthma,Sulfa,2024-08-12
U0036,user36,e606e38b0d8c19b24cf0ee3808183162ea7cd63ff7912dbb22b5e803286b4446,user36@healthai.com,User,75,Other,AB-,,Penicillin,2024-04-25
U0037,user37,e606e38b0d8c19b24cf0ee3808183162ea7cd63ff7912dbb22b5e803286b4446,user37@healthai.com,User,22,Female,A+,Heart Disease,Aspirin,2024-04-27
U0038,user38,e606e38b0d8c19b24cf0ee3808183162ea7cd63ff7912dbb22b5e803286b4446,user38@healthai.com,User,55,Male,A+,,,2024-04-27
U0039,user39,e606e38b0d8c19b24cf0ee3808183162ea7cd63ff7912dbb22b5e803286b4446,user39@healthai.com,User,22,Male,O-,,Aspirin,2024-05-01
U0040,user40,e606e38b0d8c19b24cf0ee3808183162ea7cd63ff7912dbb22b5e803286b4446,user40@healthai.com,User,35,Other,AB-,Hypertension,Aspirin,2024-03-08
U0041,user41,e606e38b0d8c19b24cf0ee3808183162ea7cd63ff7912dbb22b5e803286b4446,user41@healthai.com,User,64,Other,AB-,Hypertension,NSAIDs,2024-07-27
U0042,user42,e606e38b0d8c19b24cf0ee3808183162ea7cd63ff7912dbb22b5e803286b4446,user42@healthai.com,User,30,Male,A-,,NSAIDs,2024-06-30
U0043,user43,e606e38b0d8c19b24cf0ee3808183162ea7cd63ff7912dbb22b5e803286b4446,user43@healthai.com,User,45,Female,AB-,,,2024-12-10
U0044,user44,e606e38b0d8c19b24cf0ee3808183162ea7cd63ff7912dbb22b5e803286b4446,user44@healthai.com,User,59,Other,A-,,NSAIDs,2024-06-22
U0045,user45,e606e38b0d8c19b24cf0ee3808183162ea7cd63ff7912dbb22b5e803286b4446,user45@healthai.com,User,69,Male,B-,Hypertension,Penicillin,2024-10-01
U0046,user46,e606e38b0d8c19b24cf0ee3808183162ea7cd63ff7912dbb22b5e803286b4446,user46@healthai.com,User,46,Male,AB+,Hypertension,Sulfa,2024-08-24
U0047,user47,e606e38b0d8c19b24cf0ee3808183162ea7cd63ff7912dbb22b5e803286b4446,user47@healthai.com,User,33,Male,AB-,,Aspirin,2024-02-20
U0048,user48,e606e38b0d8c19b24cf0ee3808183162ea7cd63ff7912dbb22b5e803286b4446,user48@healthai.com,User,21,Other,A+,,Penicillin,2024-03-26
U0049,user49,e606e38b0d8c19b24cf0ee3808183162ea7cd63ff7912dbb22b5e803286b4446,user49@healthai.com,User,44,Female,AB-,Hypertension,NSAIDs,2024-01-31
U0050,user50,e606e38b0d8c19b24cf0ee3808183162ea7cd63ff7912dbb22b5e803286b4446,user50@healthai.com,User,28,Female,A+,Asthma,Sulfa,2024-08-20
U0051,user51,e606e38b0d8c19b24cf0ee3808183162ea7cd63ff7912dbb22b5e803286b4446,user51@healthai.com,User,36,Female,AB-,Hypertension,Penicillin,2024-05-31
U0052,user52,e606e38b0d8c19b24cf0ee3808183162ea7cd63ff7912dbb22b5e803286b4446,user52@healthai.com,User,31,Male,A+,,Sulfa,2024-01-30
U0053,user53,e606e38b0d8c19b24cf0ee3808183162ea7cd63ff7912dbb22b5e803286b4446,user53@healthai.com,User,21,Other,AB-,Heart Disease,Aspirin,2024-03-21
U0054,user54,e606e38b0d8c19b24cf0ee3808183162ea7cd63ff7912dbb22b5e803286b4446,user54@healthai.com,User,21,Other,A-,,Penicillin,2024-02-05
U0055,user55,e606e38b0d8c19b24cf0ee3808183162ea7cd63ff7912dbb22b5e803286b4446,user55@healthai.com,User,56,Male,B-,Asthma,,2024-10-18
U0056,user56,e606e38b0d8c19b24cf0ee3808183162ea7cd63ff7912dbb22b5e803286b4446,user56@healthai.com,User,33,Other,A+,Heart Disease,,2024-08-02
U0057,user57,e606e38b0d8c19b24cf0ee3808183162ea7cd63ff7912dbb22b5e803286b4446,user57@healthai.com,User,60,Other,O-,Diabetes,Penicillin,2024-12-08
U0058,user58,e606e38b0d8c19b24cf0ee3808183162ea7cd63ff7912dbb22b5e803286b4446,user58@healthai.com,User,63,Female,B-,Diabetes,NSAIDs,2024-03-08
U0059,user59,e606e38b0d8c19b24cf0ee3808183162ea7cd63ff7912dbb22b5e803286b4446,user59@healthai.com,User,60,Other,O+,Asthma,Sulfa,2024-02-07
U0060,user60,e606e38b0d8c19b24cf0ee3808183162ea7cd63ff7912dbb22b5e803286b4446,user60@healthai.com,User,18,Female,A-,,Aspirin,2024-04-19
U0061,user61,e606e38b0d8c19b24cf0ee3808183162ea7cd63ff7912dbb22b5e803286b4446,user61@healthai.com,User,50,Female,B+,Diabetes,,2024-05-05
U0062,user62,e606e38b0d8c19b24cf0ee3808183162ea7cd63ff7912dbb22b5e803286b4446,user62@healthai.com,User,41,Female,B+,Asthma,Aspirin,2024-12-26
U0063,user63,e606e38b0d8c19b24cf0ee3808183162ea7cd63ff7912dbb22b5e803286b4446,user63@healthai.com,User,37,Other,A+,,Aspirin,2024-06-02
U0064,user64,e606e38b0d8c19b24cf0ee3808183162ea7cd63ff7912dbb22b5e803286b4446,user64@healthai.com,User,60,Male,B+,Diabetes,,2024-02-24
U0065,user65,e606e38b0d8c19b24cf0ee3808183162ea7cd63ff7912dbb22b5e803286b4446,user65@healthai.com,User,65,Other,B+,Diabetes,Sulfa,2024-11-05
U0066,user66,e606e38b0d8c19b24cf0ee3808183162ea7cd63ff7912dbb22b5e803286b4446,user66@healthai.com,User,31,Other,O-,Hypertension,Sulfa,2024-09-15
U0067,user67,e606e38b0d8c19b24cf0ee3808183162ea7cd63ff7912dbb22b5e803286b4446,user67@healthai.com,User,49,Female,A+,,NSAIDs,2024-05-21
U0068,user68,e606e38b0d8c19b24cf0ee3808183162ea7cd63ff7912dbb22b5e803286b4446,user68@healthai.com,User,20,Male,O-,,Penicillin,2024-11-22
U0069,user69,e606e38b0d8c19b24cf0ee3808183162ea7cd63ff7912dbb22b5e803286b4446,user69@healthai.com,User,34,Male,AB-,Heart Disease,NSAIDs,2024-10-14
U0070,user70,e606e38b0d8c19b24cf0ee3808183162ea7cd63ff7912dbb22b5e803286b4446,user70@healthai.com,User,18,Male,A-,,Penicillin,2024-10-06
U0071,user71,e606e38b0d8c19b24cf0ee3808183162ea7cd63ff7912dbb22b5e803286b4446,user71@healthai.com,User,20,Female,B+,Asthma,Penicillin,2024-01-22
U0072,user72,e606e38b0d8c19b24cf0ee3808183162ea7cd63ff7912dbb22b5e803286b4446,user72@healthai.com,User,37,Female,A+,Diabetes,Penicillin,2024-12-15
U0073,user73,e606e38b0d8c19b24cf0ee3808183162ea7cd63ff7912dbb22b5e803286b4446,user73@healthai.com,User,33,Other,A-,Diabetes,Aspirin,2024-07-27
U0074,user74,e606e38b0d8c19b24cf0ee3808183162ea7cd63ff7912dbb22b5e803286b4446,user74@healthai.com,User,57,Other,B+,Hypertension,Penicillin,2024-03-31
U0075,user75,e606e38b0d8c19b24cf0ee3808183162ea7cd63ff7912dbb22b5e803286b4446,user75@healthai.com,User,74,Female,A+,Hypertension,Sulfa,2024-07-29
U0076,user76,e606e38b0d8c19b24cf0ee3808183162ea7cd63ff7912dbb22b5e803286b4446,user76@healthai.com,User,69,Other,B-,Diabetes,Penicillin,2024-12-25
U0077,user77,e606e38b0d8c19b24cf0ee3808183162ea7cd63ff7912dbb22b5e803286b4446,user77@healthai.com,User,24,Female,A+,,NSAIDs,2024-04-23
U0078,user78,e606e38b0d8c19b24cf0ee3808183162ea7cd63ff7912dbb22b5e803286b4446,user78@healthai.com,User,30,Female,O-,Diabetes,Penicillin,2024-04-24
U0079,user79,e606e38b0d8c19b24cf0ee3808183162ea7cd63ff7912dbb22b5e803286b4446,user79@healthai.com,User,19,Other,B-,Asthma,Sulfa,2024-05-22
U0080,user80,e606e38b0d8c19b24cf0ee3808183162ea7cd63ff7912dbb22b5e803286b4446,user80@healthai.com,User,73,Male,O+,Diabetes,Aspirin,2024-07-23
U0081,user81,e606e38b0d8c19b24cf0ee3808183162ea7cd63ff7912dbb22b5e803286b4446,user81@healthai.com,User,61,Other,O-,,,2024-05-13
U0082,user82,e606e38b0d8c19b24cf0ee3808183162ea7cd63ff7912dbb22b5e803286b4446,user82@healthai.com,User,29,Other,O+,,,2024-11-01
U0083,user83,e606e38b0d8c19b24cf0ee3808183162ea7cd63ff7912dbb22b5e803286b4446,user83@healthai.com,User,45,Female,O-,Asthma,Aspirin,2024-09-18
U0084,user84,e606e38b0d8c19b24cf0ee3808183162ea7cd63ff7912dbb22b5e803286b4446,user84@healthai.com,User,25,Female,B-,Diabetes,,2024-12-28
U0085,user85,e606e38b0d8c19b24cf0ee3808183162ea7cd63ff7912dbb22b5e803286b4446,user85@healthai.com,User,45,Male,B-,Diabetes,NSAIDs,2024-02-05
U0086,user86,e606e38b0d8c19b24cf0ee3808183162ea7cd63ff7912dbb22b5e803286b4446,user86@healthai.com,User,60,Female,O-,,,2024-06-02
U0087,user87,e606e38b0d8c19b24cf0ee3808183162ea7cd63ff7912dbb22b5e803286b4446,user87@healthai.com,User,50,Female,AB+,Diabetes,NSAIDs,2024-12-22
U0088,user88,e606e38b0d8c19b24cf0ee3808183162ea7cd63ff7912dbb22b5e803286b4446,user88@healthai.com,User,36,Other,B+,Hypertension,NSAIDs,2024-12-06
U0089,user89,e606e38b0d8c19b24cf0ee3808183162ea7cd63ff7912dbb22b5e803286b4446,user89@healthai.com,User,42,Other,B+,Heart Disease,Aspirin,2024-06-03
U0090,user90,e606e38b0d8c19b24cf0ee3808183162ea7cd63ff7912dbb22b5e803286b4446,user90@healthai.com,User,43,Other,A+,Diabetes,Sulfa,2024-04-17
U0091,user91,e606e38b0d8c19b24cf0ee3808183162ea7cd63ff7912dbb22b5e803286b4446,user91@healthai.com,User,45,Other,O-,Asthma,NSAIDs,2024-08-14
U0092,user92,e606e38b0d8c19b24cf0ee3808183162ea7cd63ff7912dbb22b5e803286b4446,user92@healthai.com,User,61,Male,AB-,,Penicillin,2024-12-03
U0093,user93,e606e38b0d8c19b24cf0ee3808183162ea7cd63ff7912dbb22b5e803286b4446,user93@healthai.com,User,23,Female,O-,,Penicillin,2024-12-10
U0094,user94,e606e38b0d8c19b24cf0ee3808183162ea7cd63ff7912dbb22b5e803286b4446,user94@healthai.com,User,37,Male,B-,Hypertension,,2024-01-24
U0095,user95,e606e38b0d8c19b24cf0ee3808183162ea7cd63ff7912dbb22b5e803286b4446,user95@healthai.com,User,33,Female,A-,Asthma,NSAIDs,2024-11-18
U0096,user96,e606e38b0d8c19b24cf0ee3808183162ea7cd63ff7912dbb22b5e803286b4446,user96@healthai.com,User,54,Male,AB+,Asthma,NSAIDs,2024-05-04
U0097,user97,e606e38b0d8c19b24cf0ee3808183162ea7cd63ff7912dbb22b5e803286b4446,user97@healthai.com,User,27,Other,A+,,,2024-08-05
U0098,user98,e606e38b0d8c19b24cf0ee3808183162ea7cd63ff7912dbb22b5e803286b4446,user98@healthai.com,User,32,Male,AB-,,Aspirin,2024-05-07
U0099,user99,e606e38b0d8c19b24cf0ee3808183162ea7cd63ff7912dbb22b5e803286b4446,user99@healthai.com,User,72,Male,AB-,Hypertension,NSAIDs,2024-12-07
U0100,user100,e606e38b0d8c19b24cf0ee3808183162ea7cd63ff7912dbb22b5e803286b4446,user100@healthai.com,User,51,Other,O-,,NSAIDs,2024-11-09
U0101,user101,e606e38b0d8c19b24cf0ee3808183162ea7cd63ff7912dbb22b5e803286b4446,user101@healthai.com,User,70,Other,AB+,,Aspirin,2024-08-16
U0102,user102,e606e38b0d8c19b24cf0ee3808183162ea7cd63ff7912dbb22b5e803286b4446,user102@healthai.com,User,75,Male,AB-,Asthma,Sulfa,2024-05-06
U0103,user103,e606e38b0d8c19b24cf0ee3808183162ea7cd63ff7912dbb22b5e803286b4446,user103@healthai.com,User,71,Other,O+,,Aspirin,2024-09-05
U0104,user104,e606e38b0d8c19b24cf0ee3808183162ea7cd63ff7912dbb22b5e803286b4446,user104@healthai.com,User,58,Male,O+,Asthma,,2024-12-31
U0105,user105,e606e38b0d8c19b24cf0ee3808183162ea7cd63ff7912dbb22b5e803286b4446,user105@healthai.com,User,36,Male,O+,Diabetes,Sulfa,2024-10-03
U0106,user106,e606e38b0d8c19b24cf0ee3808183162ea7cd63ff7912dbb22b5e803286b4446,user106@healthai.com,User,23,Male,B+,Hypertension,NSAIDs,2024-12-21
U0107,user107,e606e38b0d8c19b24cf0ee3808183162ea7cd63ff7912dbb22b5e803286b4446,user107@healthai.com,User,27,Other,B-,,NSAIDs,2024-07-27
U0108,user108,e606e38b0d8c19b24cf0ee3808183162ea7cd63ff7912dbb22b5e803286b4446,user108@healthai.com,User,39,Other,AB-,Asthma,,2024-04-15
U0109,user109,e606e38b0d8c19b24cf0ee3808183162ea7cd63ff7912dbb22b5e803286b4446,user109@healthai.com,User,71,Female,AB+,,Aspirin,2024-12-22
U0110,user110,e606e38b0d8c19b24cf0ee3808183162ea7cd63ff7912dbb22b5e803286b4446,user110@healthai.com,User,19,Other,AB+,Asthma,,2024-06-29
U0111,user111,e606e38b0d8c19b24cf0ee3808183162ea7cd63ff7912dbb22b5e803286b4446,user111@healthai.com,User,37,Female,AB+,Heart Disease,Aspirin,2024-11-04
U0112,user112,e606e38b0d8c19b24cf0ee3808183162ea7cd63ff7912dbb22b5e803286b4446,user112@healthai.com,User,75,Male,AB-,Hypertension,Sulfa,2024-08-11
U0113,user113,e606e38b0d8c19b24cf0ee3808183162ea7cd63ff7912dbb22b5e803286b4446,user113@healthai.com,User,49,Male,AB+,Diabetes,NSAIDs,2024-03-25
U0114,user114,e606e38b0d8c19b24cf0ee3808183162ea7cd63ff7912dbb22b5e803286b4446,user114@healthai.com,User,71,Female,B+,Heart Disease,Aspirin,2024-01-14
U0115,user115,e606e38b0d8c19b24cf0ee3808183162ea7cd63ff7912dbb22b5e803286b4446,user115@healthai.com,User,43,Other,A+,,NSAIDs,2024-03-10
U0116,user116,e606e38b0d8c19b24cf0ee3808183162ea7cd63ff7912dbb22b5e803286b4446,user116@healthai.com,User,73,Female,B+,,Sulfa,2024-07-13
U0117,user117,e606e38b0d8c19b24cf0ee3808183162ea7cd63ff7912dbb22b5e803286b4446,user117@healthai.com,User,38,Male,AB-,Diabetes,Sulfa,2024-07-13
U0118,user118,e606e38b0d8c19b24cf0ee3808183162ea7cd63ff7912dbb22b5e803286b4446,user118@healthai.com,User,35,Female,O+,,,2024-08-28
U0119,user119,e606e38b0d8c19b24cf0ee3808183162ea7cd63ff7912dbb22b5e803286b4446,user119@healthai.com,User,19,Other,A+,Diabetes,Penicillin,2024-11-28
U0120,user120,e606e38b0d8c19b24cf0ee3808183162ea7cd63ff7912dbb22b5e803286b4446,user120@healthai.com,User,22,Other,A+,,,2024-05-06
U0121,user121,e606e38b0d8c19b24cf0ee3808183162ea7cd63ff7912dbb22b5e803286b4446,user121@healthai.com,User,30,Male,B+,Hypertension,Penicillin,2024-08-30
U0122,user122,e606e38b0d8c19b24cf0ee3808183162ea7cd63ff7912dbb22b5e803286b4446,user122@healthai.com,User,60,Male,B-,Asthma,Sulfa,2024-07-07
U0123,user123,e606e38b0d8c19b24cf0ee3808183162ea7cd63ff7912dbb22b5e803286b4446,user123@healthai.com,User,28,Other,A-,,Penicillin,2024-06-08
U0124,user124,e606e38b0d8c19b24cf0ee3808183162ea7cd63ff7912dbb22b5e803286b4446,user124@healthai.com,User,24,Other,A+,Diabetes,Aspirin,2024-12-12
U0125,user125,e606e38b0d8c19b24cf0ee3808183162ea7cd63ff7912dbb22b5e803286b4446,user125@healthai.com,User,42,Female,B-,,Aspirin,2024-12-19
U0126,user126,e606e38b0d8c19b24cf0ee3808183162ea7cd63ff7912dbb22b5e803286b4446,user126@healthai.com,User,71,Other,B-,,Sulfa,2024-12-16
U0127,user127,e606e38b0d8c19b24cf0ee3808183162ea7cd63ff7912dbb22b5e803286b4446,user127@healthai.com,User,56,Male,A+,Diabetes,Aspirin,2024-08-07
U0128,user128,e606e38b0d8c19b24cf0ee3808183162ea7cd63ff7912dbb22b5e803286b4446,user128@healthai.com,User,60,Female,A-,Heart Disease,Sulfa,2024-01-07
U0129,user129,e606e38b0d8c19b24cf0ee3808183162ea7cd63ff7912dbb22b5e803286b4446,user129@healthai.com,User,72,Female,AB-,,NSAIDs,2024-07-04
U0130,user130,e606e38b0d8c19b24cf0ee3808183162ea7cd63ff7912dbb22b5e803286b4446,user130@healthai.com,User,58,Female,B+,Asthma,Penicillin,2024-09-24
U0131,user131,e606e38b0d8c19b24cf0ee3808183162ea7cd63ff7912dbb22b5e803286b4446,user131@healthai.com,User,59,Female,AB-,Asthma,NSAIDs,2024-10-30
U0132,user132,e606e38b0d8c19b24cf0ee3808183162ea7cd63ff7912dbb22b5e803286b4446,user132@healthai.com,User,35,Female,B-,,,2024-05-22
U0133,user133,e606e38b0d8c19b24cf0ee3808183162ea7cd63ff7912dbb22b5e803286b4446,user133@healthai.com,User,74,Female,B-,,NSAIDs,2024-10-18
U0134,user134,e606e38b0d8c19b24cf0ee3808183162ea7cd63ff7912dbb22b5e803286b4446,user134@healthai.com,User,57,Other,AB+,Diabetes,,2024-09-10
U0135,user135,e606e38b0d8c19b24cf0ee3808183162ea7cd63ff7912dbb22b5e803286b4446,user135@healthai.com,User,72,Female,B+,Asthma,Penicillin,2024-06-30
U0136,user136,e606e38b0d8c19b24cf0ee3808183162ea7cd63ff7912dbb22b5e803286b4446,user136@healthai.com,User,69,Female,O-,Diabetes,Aspirin,2024-12-25
U0137,user137,e606e38b0d8c19b24cf0ee3808183162ea7cd63ff7912dbb22b5e803286b4446,user137@healthai.com,User,74,Female,A+,Heart Disease,Penicillin,2024-02-13
U0138,user138,e606e38b0d8c19b24cf0ee3808183162ea7cd63ff7912dbb22b5e803286b4446,user138@healthai.com,User,33,Other,AB+,Asthma,Aspirin,2024-05-03
U0139,user139,e606e38b0d8c19b24cf0ee3808183162ea7cd63ff7912dbb22b5e803286b4446,user139@healthai.com,User,62,Female,AB-,Asthma,,2024-02-17
U0140,user140,e606e38b0d8c19b24cf0ee3808183162ea7cd63ff7912dbb22b5e803286b4446,user140@healthai.com,User,36,Male,AB+,,Penicillin,2024-06-05
U0141,user141,e606e38b0d8c19b24cf0ee3808183162ea7cd63ff7912dbb22b5e803286b4446,user141@healthai.com,User,60,Other,O-,Asthma,Aspirin,2024-09-28
U0142,user142,e606e38b0d8c19b24cf0ee3808183162ea7cd63ff7912dbb22b5e803286b4446,user142@healthai.com,User,40,Female,O-,Diabetes,NSAIDs,2024-05-18
U0143,user143,e606e38b0d8c19b24cf0ee3808183162ea7cd63ff7912dbb22b5e803286b4446,user143@healthai.com,User,37,Female,B-,,Penicillin,2024-06-10
U0144,user144,e606e38b0d8c19b24cf0ee3808183162ea7cd63ff7912dbb22b5e803286b4446,user144@healthai.com,User,25,Other,B+,Hypertension,Penicillin,2024-09-04
U0145,user145,e606e38b0d8c19b24cf0ee3808183162ea7cd63ff7912dbb22b5e803286b4446,user145@healthai.com,User,35,Other,O+,,Penicillin,2024-05-31
U0146,user146,e606e38b0d8c19b24cf0ee3808183162ea7cd63ff7912dbb22b5e803286b4446,user146@healthai.com,User,32,Female,B+,Diabetes,,2024-12-28
U0147,user147,e606e38b0d8c19b24cf0ee3808183162ea7cd63ff7912dbb22b5e803286b4446,user147@healthai.com,User,52,Male,O+,,,2024-10-10
U0148,user148,e606e38b0d8c19b24cf0ee3808183162ea7cd63ff7912dbb22b5e803286b4446,user148@healthai.com,User,36,Other,B+,,NSAIDs,2024-02-22
U0149,user149,e606e38b0d8c19b24cf0ee3808183162ea7cd63ff7912dbb22b5e803286b4446,user149@healthai.com,User,73,Male,O+,Asthma,NSAIDs,2024-08-13
U0150,user150,e606e38b0d8c19b24cf0ee3808183162ea7cd63ff7912dbb22b5e803286b4446,user150@healthai.com,User,39,Male,A+,Diabetes,NSAIDs,2024-02-28
U0151,user151,e606e38b0d8c19b24cf0ee3808183162ea7cd63ff7912dbb22b5e803286b4446,user151@healthai.com,User,70,Male,AB+,Asthma,,2024-10-22
U0152,user152,e606e38b0d8c19b24cf0ee3808183162ea7cd63ff7912dbb22b5e803286b4446,user152@healthai.com,User,58,Other,A+,Hypertension,Penicillin,2024-10-15
U0153,user153,e606e38b0d8c19b24cf0ee3808183162ea7cd63ff7912dbb22b5e803286b4446,user153@healthai.com,User,37,Male,B-,,Aspirin,2024-08-01
U0154,user154,e606e38b0d8c19b24cf0ee3808183162ea7cd63ff7912dbb22b5e803286b4446,user154@healthai.com,User,56,Other,B-,,Aspirin,2024-07-13
U0155,user155,e606e38b0d8c19b24cf0ee3808183162ea7cd63ff7912dbb22b5e803286b4446,user155@healthai.com,User,46,Female,O+,,Aspirin,2024-08-07
U0156,user156,e606e38b0d8c19b24cf0ee3808183162ea7cd63ff7912dbb22b5e803286b4446,user156@healthai.com,User,37,Other,A+,Heart Disease,,2024-04-16
U0157,user157,e606e38b0d8c19b24cf0ee3808183162ea7cd63ff7912dbb22b5e803286b4446,user157@healthai.com,User,58,Male,O+,,,2024-03-21
U0158,user158,e606e38b0d8c19b24cf0ee3808183162ea7cd63ff7912dbb22b5e803286b4446,user158@healthai.com,User,33,Male,A-,Hypertension,,2024-07-28
U0159,user159,e606e38b0d8c19b24cf0ee3808183162ea7cd63ff7912dbb22b5e803286b4446,user159@healthai.com,User,46,Other,AB-,Diabetes,,2024-04-28
U0160,user160,e606e38b0d8c19b24cf0ee3808183162ea7cd63ff7912dbb22b5e803286b4446,user160@healthai.com,User,36,Other,O+,,NSAIDs,2024-02-06
U0161,user161,e606e38b0d8c19b24cf0ee3808183162ea7cd63ff7912dbb22b5e803286b4446,user161@healthai.com,User,61,Male,O+,,Aspirin,2024-12-04
U0162,user162,e606e38b0d8c19b24cf0ee3808183162ea7cd63ff7912dbb22b5e803286b4446,user162@healthai.com,User,69,Male,AB+,,Aspirin,2024-04-25
U0163,user163,e606e38b0d8c19b24cf0ee3808183162ea7cd63ff7912dbb22b5e803286b4446,user163@healthai.com,User,59,Male,O+,,Penicillin,2024-02-06
U0164,user164,e606e38b0d8c19b24cf0ee3808183162ea7cd63ff7912dbb22b5e803286b4446,user164@healthai.com,User,21,Male,O+,Heart Disease,Aspirin,2024-05-27
U0165,user165,e606e38b0d8c19b24cf0ee3808183162ea7cd63ff7912dbb22b5e803286b4446,user165@healthai.com,User,46,Male,AB-,,Sulfa,2024-12-24
U0166,user166,e606e38b0d8c19b24cf0ee3808183162ea7cd63ff7912dbb22b5e803286b4446,user166@healthai.com,User,43,Female,AB-,Asthma,,2024-11-02
U0167,user167,e606e38b0d8c19b24cf0ee3808183162ea7cd63ff7912dbb22b5e803286b4446,user167@healthai.com,User,20,Female,O-,Heart Disease,Sulfa,2024-01-14
U0168,user168,e606e38b0d8c19b24cf0ee3808183162ea7cd63ff7912dbb22b5e803286b4446,user168@healthai.com,User,23,Male,A+,,Sulfa,2024-10-22
U0169,user169,e606e38b0d8c19b24cf0ee3808183162ea7cd63ff7912dbb22b5e803286b4446,user169@healthai.com,User,20,Male,AB-,Heart Disease,NSAIDs,2024-05-22
U0170,user170,e606e38b0d8c19b24cf0ee3808183162ea7cd63ff7912dbb22b5e803286b4446,user170@healthai.com,User,29,Other,AB+,,NSAIDs,2024-02-16
U0171,user171,e606e38b0d8c19b24cf0ee3808183162ea7cd63ff7912dbb22b5e803286b4446,user171@healthai.com,User,48,Female,AB+,Diabetes,Sulfa,2024-12-09
U0172,user172,e606e38b0d8c19b24cf0ee3808183162ea7cd63ff7912dbb22b5e803286b4446,user172@healthai.com,User,24,Male,O-,Asthma,NSAIDs,2024-05-27
U0173,user173,e606e38b0d8c19b24cf0ee3808183162ea7cd63ff7912dbb22b5e803286b4446,user173@healthai.com,User,60,Female,A+,Asthma,,2024-06-10
U0174,user174,e606e38b0d8c19b24cf0ee3808183162ea7cd63ff7912dbb22b5e803286b4446,user174@healthai.com,User,34,Female,A-,,NSAIDs,2024-09-20
U0175,user175,e606e38b0d8c19b24cf0ee3808183162ea7cd63ff7912dbb22b5e803286b4446,user175@healthai.com,User,70,Male,AB-,Asthma,,2024-04-06
U0176,user176,e606e38b0d8c19b24cf0ee3808183162ea7cd63ff7912dbb22b5e803286b4446,user176@healthai.com,User,51,Female,AB-,,NSAIDs,2024-01-27
U0177,user177,e606e38b0d8c19b24cf0ee3808183162ea7cd63ff7912dbb22b5e803286b4446,user177@healthai.com,User,31,Female,B+,Diabetes,NSAIDs,2024-12-23
U0178,user178,e606e38b0d8c19b24cf0ee3808183162ea7cd63ff7912dbb22b5e803286b4446,user178@healthai.com,User,49,Male,A+,,Aspirin,2024-05-02
U0179,user179,e606e38b0d8c19b24cf0ee3808183162ea7cd63ff7912dbb22b5e803286b4446,user179@healthai.com,User,63,Male,O+,Heart Disease,,2024-10-09
U0180,user180,e606e38b0d8c19b24cf0ee3808183162ea7cd63ff7912dbb22b5e803286b4446,user180@healthai.com,User,44,Male,B-,,,2024-08-24
U0181,user181,e606e38b0d8c19b24cf0ee3808183162ea7cd63ff7912dbb22b5e803286b4446,user181@healthai.com,User,25,Other,B+,Asthma,Sulfa,2024-09-17
U0182,user182,e606e38b0d8c19b24cf0ee3808183162ea7cd63ff7912dbb22b5e803286b4446,user182@healthai.com,User,63,Female,AB+,,NSAIDs,2024-08-29
U0183,user183,e606e38b0d8c19b24cf0ee3808183162ea7cd63ff7912dbb22b5e803286b4446,user183@healthai.com,User,33,Female,B+,Asthma,Penicillin,2024-11-02
U0184,user184,e606e38b0d8c19b24cf0ee3808183162ea7cd63ff7912dbb22b5e803286b4446,user184@healthai.com,User,50,Other,B+,,,2024-05-21
U0185,user185,e606e38b0d8c19b24cf0ee3808183162ea7cd63ff7912dbb22b5e803286b4446,user185@healthai.com,User,67,Female,O-,,Aspirin,2024-05-16
U0186,user186,e606e38b0d8c19b24cf0ee3808183162ea7cd63ff7912dbb22b5e803286b4446,user186@healthai.com,User,70,Male,O+,,Sulfa,2024-10-27
U0187,user187,e606e38b0d8c19b24cf0ee3808183162ea7cd63ff7912dbb22b5e803286b4446,user187@healthai.com,User,55,Other,AB-,,Penicillin,2024-08-16
U0188,user188,e606e38b0d8c19b24cf0ee3808183162ea7cd63ff7912dbb22b5e803286b4446,user188@healthai.com,User,52,Female,O-,Diabetes,Aspirin,2024-10-05
U0189,user189,e606e38b0d8c19b24cf0ee3808183162ea7cd63ff7912dbb22b5e803286b4446,user189@healthai.com,User,42,Female,O-,,Penicillin,2024-12-23
U0190,user190,e606e38b0d8c19b24cf0ee3808183162ea7cd63ff7912dbb22b5e803286b4446,user190@healthai.com,User,33,Other,AB+,Hypertension,NSAIDs,2024-01-23
U0191,user191,e606e38b0d8c19b24cf0ee3808183162ea7cd63ff7912dbb22b5e803286b4446,user191@healthai.com,User,38,Other,AB-,,NSAIDs,2024-07-16
U0192,user192,e606e38b0d8c19b24cf0ee3808183162ea7cd63ff7912dbb22b5e803286b4446,user192@healthai.com,User,60,Other,B+,Asthma,,2024-03-05
U0193,user193,e606e38b0d8c19b24cf0ee3808183162ea7cd63ff7912dbb22b5e803286b4446,user193@healthai.com,User,50,Other,O-,,,2024-08-13
U0194,user194,e606e38b0d8c19b24cf0ee3808183162ea7cd63ff7912dbb22b5e803286b4446,user194@healthai.com,User,24,Other,AB-,,Penicillin,2024-07-28
U0195,user195,e606e38b0d8c19b24cf0ee3808183162ea7cd63ff7912dbb22b5e803286b4446,user195@healthai.com,User,73,Other,B+,,NSAIDs,2024-05-15
U0196,user196,e606e38b0d8c19b24cf0ee3808183162ea7cd63ff7912dbb22b5e803286b4446,user196@healthai.com,User,39,Other,AB+,,,2024-06-17
U0197,user197,e606e38b0d8c19b24cf0ee3808183162ea7cd63ff7912dbb22b5e803286b4446,user197@healthai.com,User,72,Other,AB+,Diabetes,NSAIDs,2024-10-04
U0198,user198,e606e38b0d8c19b24cf0ee3808183162ea7cd63ff7912dbb22b5e803286b4446,user198@healthai.com,User,20,Other,A-,Hypertension,Sulfa,2024-04-26
U0199,user199,e606e38b0d8c19b24cf0ee3808183162ea7cd63ff7912dbb22b5e803286b4446,user199@healthai.com,User,65,Male,AB+,,,2024-08-15
U0200,user200,e606e38b0d8c19b24cf0ee3808183162ea7cd63ff7912dbb22b5e803286b4446,user200@healthai.com,User,28,Other,O+,,,2024-06-15
U0201,Yash,5994471abb01112afcc18159f6cc74b4f511b99806da59b3caf5a9c173cacfc5,nithish@innosoft.com,User,21,Male,O+,None,None,2026-06-04 15:33:39.035050
